order,sample_name,library_tag_combo,library,vol_actual_uL,PCR2 date,sample_type,locus,primer_sequence_F,primer_sequence_R,tag_number,tag_sequence,experiment,vol_product_unclean_uL,vol_clean_input,vol_clean_elute_uL,vol_clean_total_uL,vol_removed_gel_uL,vol_removed_qubit_uL,vol_removed_BA,vol_remain_uL,conc_DNA_sample_ng/uL,mass_DNA_total_ng,fragment_size_BA,conc_DNA_BA_nguL,mass_DNA_pooled_ng,vol_pooled_undiluted_uL,Amount Needed (ul) for Kappa Kit (>= .1ng)
,RBM1A.2,A-2,CGATGT,,20160226,ENV,CO1,GGNACNGGNTGAACNGTNTANCCNCC,TANACNTCNGGNTGNCCNAANAANCA,2,ACAGCA,multilocus,25,25,,,0,2,,,,,,,,,
,RBM3A.3,A-11,CGATGT,,20160226,ENV,CO1,GGNACNGGNTGAACNGTNTANCCNCC,TANACNTCNGGNTGNCCNAANAANCA,11,GCAGTG,multilocus,25,25,,,0,2,,,,,,,,,
,BGM1A.2,A-9,CGATGT,,20160226,ENV,CO1,GGNACNGGNTGAACNGTNTANCCNCC,TANACNTCNGGNTGNCCNAANAANCA,9,TCGCAT,multilocus,25,25,,,0,2,,,,,,,,,
,BGM2A.1,A-12,CGATGT,,20160226,ENV,CO1,GGNACNGGNTGAACNGTNTANCCNCC,TANACNTCNGGNTGNCCNAANAANCA,12,GATGAC,multilocus,25,25,,,0,2,,,,,,,,,
,PCM2A.2,A-7,CGATGT,,20160226,ENV,CO1,GGNACNGGNTGAACNGTNTANCCNCC,TANACNTCNGGNTGNCCNAANAANCA,7,ATATCG,multilocus,25,25,,,0,2,,,,,,,,,
,PCM3A.3,A-8,CGATGT,,20160226,ENV,CO1,GGNACNGGNTGAACNGTNTANCCNCC,TANACNTCNGGNTGNCCNAANAANCA,8,CTCGCA,multilocus,25,25,,,0,2,,,,,,,,,
,CCM2A.1,A-13,CGATGT,,20160226,ENV,CO1,GGNACNGGNTGAACNGTNTANCCNCC,TANACNTCNGGNTGNCCNAANAANCA,13,ATCAGT,multilocus,25,25,,,0,2,,,,,,,,,
,MAM2A.2,A-15,CGATGT,,20160226,ENV,CO1,GGNACNGGNTGAACNGTNTANCCNCC,TANACNTCNGGNTGNCCNAANAANCA,15,CGACGC,multilocus,25,25,,,0,2,,,,,,,,,
,Ostrich1.100,A-10,CGATGT,,20160226,TISSUE,CO1,GGNACNGGNTGAACNGTNTANCCNCC,TANACNTCNGGNTGNCCNAANAANCA,10,TGTATG,control,25,25,,,5,2,,,,,,,,,
,RBM2A.2,B-12,TGACCA,,20160226,ENV,CO1,GGNACNGGNTGAACNGTNTANCCNCC,TANACNTCNGGNTGNCCNAANAANCA,12,GATGAC,multilocus,25,25,,,0,2,,,,,,,,,
,BGM1A.1,B-2,TGACCA,,20160226,ENV,CO1,GGNACNGGNTGAACNGTNTANCCNCC,TANACNTCNGGNTGNCCNAANAANCA,2,ACAGCA,multilocus,25,25,,,0,2,,,,,,,,,
,BGM1A.3,B-15,TGACCA,,20160226,ENV,CO1,GGNACNGGNTGAACNGTNTANCCNCC,TANACNTCNGGNTGNCCNAANAANCA,15,CGACGC,multilocus,25,25,,,0,2,,,,,,,,,
,BGM2A.2,B-1,TGACCA,,20160226,ENV,CO1,GGNACNGGNTGAACNGTNTANCCNCC,TANACNTCNGGNTGNCCNAANAANCA,1,ACACAC,multilocus,25,25,,,0,2,,,,,,,,,
,PCM1A.3,B-10,TGACCA,,20160226,ENV,CO1,GGNACNGGNTGAACNGTNTANCCNCC,TANACNTCNGGNTGNCCNAANAANCA,10,TGTATG,multilocus,25,25,,,0,2,,,,,,,,,
,CCM1A.2,B-3,TGACCA,,20160226,ENV,CO1,GGNACNGGNTGAACNGTNTANCCNCC,TANACNTCNGGNTGNCCNAANAANCA,3,GTCTCT,multilocus,25,25,,,0,2,,,,,,,,,
,CCM1A.3,B-5,TGACCA,,20160226,ENV,CO1,GGNACNGGNTGAACNGTNTANCCNCC,TANACNTCNGGNTGNCCNAANAANCA,5,ACATGT,multilocus,25,25,,,0,2,,,,,,,,,
,SIM1A.2,B-13,TGACCA,,20160226,ENV,CO1,GGNACNGGNTGAACNGTNTANCCNCC,TANACNTCNGGNTGNCCNAANAANCA,13,ATCAGT,multilocus,25,25,,,0,2,,,,,,,,,
,NTC.2,B-4,TGACCA,,20160226,NTC,CO1,GGNACNGGNTGAACNGTNTANCCNCC,TANACNTCNGGNTGNCCNAANAANCA,4,GCGCTC,control,25,25,,,5,2,,,,,,,,,
,RBM3A.2,C-12,ACAGTG,,20160226,ENV,CO1,GGNACNGGNTGAACNGTNTANCCNCC,TANACNTCNGGNTGNCCNAANAANCA,12,GATGAC,multilocus,25,25,,,0,2,,,,,,,,,
,SIM2A.2,C-14,ACAGTG,,20160226,ENV,CO1,GGNACNGGNTGAACNGTNTANCCNCC,TANACNTCNGGNTGNCCNAANAANCA,14,TCGTCA,multilocus,25,25,,,0,2,,,,,,,,,
,SIM2A.3,C-3,ACAGTG,,20160226,ENV,CO1,GGNACNGGNTGAACNGTNTANCCNCC,TANACNTCNGGNTGNCCNAANAANCA,3,GTCTCT,multilocus,25,25,,,0,2,,,,,,,,,
,MAM1A.1,C-6,ACAGTG,,20160226,ENV,CO1,GGNACNGGNTGAACNGTNTANCCNCC,TANACNTCNGGNTGNCCNAANAANCA,6,ACGACG,multilocus,25,25,,,0,2,,,,,,,,,
,MAM1A.3,C-11,ACAGTG,,20160226,ENV,CO1,GGNACNGGNTGAACNGTNTANCCNCC,TANACNTCNGGNTGNCCNAANAANCA,11,GCAGTG,multilocus,25,25,,,0,2,,,,,,,,,
,MAM3A.1,C-9,ACAGTG,,20160226,ENV,CO1,GGNACNGGNTGAACNGTNTANCCNCC,TANACNTCNGGNTGNCCNAANAANCA,9,TCGCAT,multilocus,25,25,,,0,2,,,,,,,,,
,NTC.2,C-4,ACAGTG,,20160226,NTC,CO1,GGNACNGGNTGAACNGTNTANCCNCC,TANACNTCNGGNTGNCCNAANAANCA,4,GCGCTC,control,25,25,,,5,2,,,,,,,,,
,BGM2A.3,D-11,GCCAAT,,20160226,ENV,CO1,GGNACNGGNTGAACNGTNTANCCNCC,TANACNTCNGGNTGNCCNAANAANCA,11,GCAGTG,multilocus,25,25,,,0,2,,,,,,,,,
,BGM3A.2,D-2,GCCAAT,,20160226,ENV,CO1,GGNACNGGNTGAACNGTNTANCCNCC,TANACNTCNGGNTGNCCNAANAANCA,2,ACAGCA,multilocus,25,25,,,0,2,,,,,,,,,
,BGM3A.3,D-10,GCCAAT,,20160226,ENV,CO1,GGNACNGGNTGAACNGTNTANCCNCC,TANACNTCNGGNTGNCCNAANAANCA,10,TGTATG,multilocus,25,25,,,0,2,,,,,,,,,
,PCM3A.1,D-3,GCCAAT,,20160226,ENV,CO1,GGNACNGGNTGAACNGTNTANCCNCC,TANACNTCNGGNTGNCCNAANAANCA,3,GTCTCT,multilocus,25,25,,,0,2,,,,,,,,,
,CCM3A.1,D-15,GCCAAT,,20160226,ENV,CO1,GGNACNGGNTGAACNGTNTANCCNCC,TANACNTCNGGNTGNCCNAANAANCA,15,CGACGC,multilocus,25,25,,,0,2,,,,,,,,,
,CCM3A.2,D-8,GCCAAT,,20160226,ENV,CO1,GGNACNGGNTGAACNGTNTANCCNCC,TANACNTCNGGNTGNCCNAANAANCA,8,CTCGCA,multilocus,25,25,,,0,2,,,,,,,,,
,Ostrich1.100,D-9,GCCAAT,,20160226,TISSUE,CO1,GGNACNGGNTGAACNGTNTANCCNCC,TANACNTCNGGNTGNCCNAANAANCA,9,TCGCAT,control,25,25,,,5,2,,,,,,,,,
,RBM1A.1,E-2,CAGATC,,20160226,ENV,CO1,GGNACNGGNTGAACNGTNTANCCNCC,TANACNTCNGGNTGNCCNAANAANCA,2,ACAGCA,multilocus,25,25,,,0,2,,,,,,,,,
,RBM1A.3,E-9,CAGATC,,20160226,ENV,CO1,GGNACNGGNTGAACNGTNTANCCNCC,TANACNTCNGGNTGNCCNAANAANCA,9,TCGCAT,multilocus,25,25,,,0,2,,,,,,,,,
,RBM2A.1 ,E-1,CAGATC,,20160226,ENV,CO1,GGNACNGGNTGAACNGTNTANCCNCC,TANACNTCNGGNTGNCCNAANAANCA,1,ACACAC,multilocus,25,25,,,0,2,,,,,,,,,
,RBM2A.3,E-4,CAGATC,,20160226,ENV,CO1,GGNACNGGNTGAACNGTNTANCCNCC,TANACNTCNGGNTGNCCNAANAANCA,4,GCGCTC,multilocus,25,25,,,0,2,,,,,,,,,
,RBM3A.1,E-6,CAGATC,,20160226,ENV,CO1,GGNACNGGNTGAACNGTNTANCCNCC,TANACNTCNGGNTGNCCNAANAANCA,6,ACGACG,multilocus,25,25,,,0,2,,,,,,,,,
,PCM2A.1,E-11,CAGATC,,20160226,ENV,CO1,GGNACNGGNTGAACNGTNTANCCNCC,TANACNTCNGGNTGNCCNAANAANCA,11,GCAGTG,multilocus,25,25,,,0,2,,,,,,,,,
,CCM1A.1,E-15,CAGATC,,20160226,ENV,CO1,GGNACNGGNTGAACNGTNTANCCNCC,TANACNTCNGGNTGNCCNAANAANCA,15,CGACGC,multilocus,25,25,,,0,2,,,,,,,,,
,CCM2A.3,E-10,CAGATC,,20160226,ENV,CO1,GGNACNGGNTGAACNGTNTANCCNCC,TANACNTCNGGNTGNCCNAANAANCA,10,TGTATG,multilocus,25,25,,,0,2,,,,,,,,,
,SIM1A.3,E-8,CAGATC,,20160226,ENV,CO1,GGNACNGGNTGAACNGTNTANCCNCC,TANACNTCNGGNTGNCCNAANAANCA,8,CTCGCA,multilocus,25,25,,,0,2,,,,,,,,,
,SIM2A.1,E-14,CAGATC,,20160226,ENV,CO1,GGNACNGGNTGAACNGTNTANCCNCC,TANACNTCNGGNTGNCCNAANAANCA,14,TCGTCA,multilocus,25,25,,,0,2,,,,,,,,,
,MAM2A.3,E-13,CAGATC,,20160226,ENV,CO1,GGNACNGGNTGAACNGTNTANCCNCC,TANACNTCNGGNTGNCCNAANAANCA,13,ATCAGT,multilocus,25,25,,,0,2,,,,,,,,,
,MAM3A.2,E-5,CAGATC,,20160226,ENV,CO1,GGNACNGGNTGAACNGTNTANCCNCC,TANACNTCNGGNTGNCCNAANAANCA,5,ACATGT,multilocus,25,25,,,0,2,,,,,,,,,
,MAM3A.3,E-7,CAGATC,,20160226,ENV,CO1,GGNACNGGNTGAACNGTNTANCCNCC,TANACNTCNGGNTGNCCNAANAANCA,7,ATATCG,multilocus,25,25,,,0,2,,,,,,,,,
,PCM1A.1,F-13,CTTGTA,,20160226,ENV,CO1,GGNACNGGNTGAACNGTNTANCCNCC,TANACNTCNGGNTGNCCNAANAANCA,13,ATCAGT,multilocus,25,25,,,0,2,,,,,,,,,
,PCM1A.2,F-2,CTTGTA,,20160226,ENV,CO1,GGNACNGGNTGAACNGTNTANCCNCC,TANACNTCNGGNTGNCCNAANAANCA,2,ACAGCA,multilocus,25,25,,,0,2,,,,,,,,,
,PCM2A.3,F-10,CTTGTA,,20160226,ENV,CO1,GGNACNGGNTGAACNGTNTANCCNCC,TANACNTCNGGNTGNCCNAANAANCA,10,TGTATG,multilocus,25,25,,,0,2,,,,,,,,,
,CCM2A.2,F-1,CTTGTA,,20160226,ENV,CO1,GGNACNGGNTGAACNGTNTANCCNCC,TANACNTCNGGNTGNCCNAANAANCA,1,ACACAC,multilocus,25,25,,,0,2,,,,,,,,,
,SIM3A.3,F-11,CTTGTA,,20160226,ENV,CO1,GGNACNGGNTGAACNGTNTANCCNCC,TANACNTCNGGNTGNCCNAANAANCA,11,GCAGTG,multilocus,25,25,,,0,2,,,,,,,,,
,BGM3A.1,G-6,ATCACG,,20160226,ENV,CO1,GGNACNGGNTGAACNGTNTANCCNCC,TANACNTCNGGNTGNCCNAANAANCA,6,ACGACG,multilocus,25,25,,,0,2,,,,,,,,,
,PCM3A.2,G-13,ATCACG,,20160226,ENV,CO1,GGNACNGGNTGAACNGTNTANCCNCC,TANACNTCNGGNTGNCCNAANAANCA,13,ATCAGT,multilocus,25,25,,,0,2,,,,,,,,,
,CCM3A.3,G-3,ATCACG,,20160226,ENV,CO1,GGNACNGGNTGAACNGTNTANCCNCC,TANACNTCNGGNTGNCCNAANAANCA,3,GTCTCT,multilocus,25,25,,,0,2,,,,,,,,,
,SIM1A.1,G-5,ATCACG,,20160226,ENV,CO1,GGNACNGGNTGAACNGTNTANCCNCC,TANACNTCNGGNTGNCCNAANAANCA,5,ACATGT,multilocus,25,25,,,0,2,,,,,,,,,
,SIM3A.1,G-1,ATCACG,,20160226,ENV,CO1,GGNACNGGNTGAACNGTNTANCCNCC,TANACNTCNGGNTGNCCNAANAANCA,1,ACACAC,multilocus,25,25,,,0,2,,,,,,,,,
,SIM3A.2,G-4,ATCACG,,20160226,ENV,CO1,GGNACNGGNTGAACNGTNTANCCNCC,TANACNTCNGGNTGNCCNAANAANCA,4,GCGCTC,multilocus,25,25,,,0,2,,,,,,,,,
,MAM2A.1,G-15,ATCACG,,20160226,ENV,CO1,GGNACNGGNTGAACNGTNTANCCNCC,TANACNTCNGGNTGNCCNAANAANCA,15,CGACGC,multilocus,25,25,,,0,2,,,,,,,,,
,MAM1A.2,H-7,TTAGGC,,20160226,ENV,CO1,GGNACNGGNTGAACNGTNTANCCNCC,TANACNTCNGGNTGNCCNAANAANCA,7,ATATCG,multilocus,25,25,,,0,2,,,,,,,,,
,Ostrich1.1,H-1,TTAGGC,,20160226,TISSUE,CO1,GGNACNGGNTGAACNGTNTANCCNCC,TANACNTCNGGNTGNCCNAANAANCA,1,ACACAC,control,25,25,,,5,2,,,,,,,,,