order,sample_name,library_tag_combo,library,vol_pooled_round_uL,date_PCR2,sample_type,locus,primer_sequence_F,primer_sequence_R,tag_number,tag_sequence,vol_product_unclean_uL,vol_clean_input,vol_clean_elute_uL,vol_clean_total_uL,vol_removed_gel_uL,vol_removed_qubit_uL,vol_removed_BA,vol_remain_uL,conc_DNA_Qubit_ngmL,conc_DNA_sample_ugmL,mass_DNA_total_ng,fragment_size_BA,conc_DNA_BA_nguL,mass_DNA_pooled_ng,vol_pooled_undiluted_uL,notes
1,ANNA-ENV-1,B-29,B,11.11,20150603,environmental,16S,AGTTACYYTAGGGATAACAGCG,CCGGTCTGAACTCAGATCAYGT,29,TAGATC,25,25,30,27.5,0,1,0,26.5,13.5,2.7,71.55,NA,NA,30,11.11111111,
2,ANNA-ENV-2,B-1,B,10.27,20150603,environmental,16S,AGTTACYYTAGGGATAACAGCG,CCGGTCTGAACTCAGATCAYGT,1,ACACAC,25,25,30,27.5,0,1,0,26.5,14.6,2.92,77.38,NA,NA,30,10.2739726,
3,ANNA-ENV-3,H-22,H,3.71,20150603,environmental,16S,AGTTACYYTAGGGATAACAGCG,CCGGTCTGAACTCAGATCAYGT,22,GCGTAG,25,25,30,27.5,0,1,0,26.5,40.4,8.08,214.12,180,8.68,30,3.712871287,
4,ANNA-EXP-1,A-19,A,4.01,20150603,environmental,16S,AGTTACYYTAGGGATAACAGCG,CCGGTCTGAACTCAGATCAYGT,19,CTGCGT,25,25,30,27.5,0,1,0,26.5,37.4,7.48,198.22,NA,NA,30,4.010695187,
5,ANNA-EXP-2,F-29,F,22.8,20150603,environmental,16S,AGTTACYYTAGGGATAACAGCG,CCGGTCTGAACTCAGATCAYGT,29,TAGATC,25,25,30,27.5,0,1,0,26.5,6.58,1.316,34.874,NA,NA,30,22.79635258,
6,ANNA-EXP-3,D-15,D,3.68,20150603,environmental,16S,AGTTACYYTAGGGATAACAGCG,CCGGTCTGAACTCAGATCAYGT,15,CGACGC,25,25,30,27.5,0,1,0,26.5,40.8,8.16,216.24,NA,NA,30,3.676470588,
10,BCM1A,A-27,A,20.55,20150521,environmental,16S,AGTTACYYTAGGGATAACAGCG,CCGGTCTGAACTCAGATCAYGT,27,GCTACA,25,25,30,27.5,0,1,0,26.5,7.3,1.46,38.69,NA,NA,30,20.54794521,
7,BCM1A,C-6,C,7.28,20150521,environmental,16S,AGTTACYYTAGGGATAACAGCG,CCGGTCTGAACTCAGATCAYGT,6,ACGACG,25,25,30,27.5,0,1,0,26.5,20.6,4.12,109.18,NA,NA,30,7.281553398,
9,BCM1A,D-18,D,2.3,20150521,environmental,16S,AGTTACYYTAGGGATAACAGCG,CCGGTCTGAACTCAGATCAYGT,18,CACGAT,25,25,30,27.5,0,1,0,26.5,65.2,13.04,345.56,NA,NA,30,2.300613497,
8,BCM1A,E-17,E,4.9,20150521,environmental,16S,AGTTACYYTAGGGATAACAGCG,CCGGTCTGAACTCAGATCAYGT,17,ACTAGC,25,25,30,27.5,0,1,0,26.5,30.6,6.12,162.18,NA,NA,30,4.901960784,
13,BCM2A,B-23,B,8.02,20150521,environmental,16S,AGTTACYYTAGGGATAACAGCG,CCGGTCTGAACTCAGATCAYGT,23,TACGTG,25,25,30,27.5,0,1,0,26.5,18.7,3.74,99.11,NA,NA,30,8.021390374,
14,BCM2A,D-24,D,4.37,20150521,environmental,16S,AGTTACYYTAGGGATAACAGCG,CCGGTCTGAACTCAGATCAYGT,24,ATGATA,25,25,30,27.5,0,1,0,26.5,34.3,6.86,181.79,NA,NA,30,4.373177843,
11,BCM2A,G-6,G,4.81,20150521,environmental,16S,AGTTACYYTAGGGATAACAGCG,CCGGTCTGAACTCAGATCAYGT,6,ACGACG,25,25,30,27.5,0,1,0,26.5,31.2,6.24,165.36,NA,NA,30,4.807692308,
12,BCM2A,G-11,G,2.76,20150521,environmental,16S,AGTTACYYTAGGGATAACAGCG,CCGGTCTGAACTCAGATCAYGT,11,GCAGTG,25,25,30,27.5,0,1,0,26.5,54.3,10.86,287.79,NA,NA,30,2.762430939,
15,BCM3A,E-6,E,17.88,20150521,environmental,16S,AGTTACYYTAGGGATAACAGCG,CCGGTCTGAACTCAGATCAYGT,6,ACGACG,25,25,30,27.5,0,1,0,26.5,8.39,1.678,44.467,NA,NA,30,17.8784267,
16,BCM3A,H-11,H,8.93,20150521,environmental,16S,AGTTACYYTAGGGATAACAGCG,CCGGTCTGAACTCAGATCAYGT,11,GCAGTG,25,25,30,27.5,0,1,0,26.5,16.8,3.36,89.04,NA,NA,30,8.928571429,
18,BCM3A,K-26,K,2.83,20150521,environmental,16S,AGTTACYYTAGGGATAACAGCG,CCGGTCTGAACTCAGATCAYGT,26,ATGCAG,25,25,30,27.5,0,1,0,26.5,53,10.6,280.9,177,9.41,30,2.830188679,bioanalyzed after libraries pooled
17,BCM3A,K-23,K,8.77,20150521,environmental,16S,AGTTACYYTAGGGATAACAGCG,CCGGTCTGAACTCAGATCAYGT,23,TACGTG,25,25,30,27.5,0,1,0,26.5,17.1,3.42,90.63,NA,NA,30,8.771929825,
20,BGM1A,A-21,A,19.87,20150521,environmental,16S,AGTTACYYTAGGGATAACAGCG,CCGGTCTGAACTCAGATCAYGT,21,ACTGAT,25,25,30,27.5,0,1,0,26.5,7.55,1.51,40.015,NA,NA,30,19.86754967,
19,BGM1A,D-19,D,19.4,20150521,environmental,16S,AGTTACYYTAGGGATAACAGCG,CCGGTCTGAACTCAGATCAYGT,19,CTGCGT,25,25,30,27.5,0,1,0,26.5,7.73,1.546,40.969,NA,NA,30,19.40491591,
22,BGM1A,E-27,E,22.46,20150521,environmental,16S,AGTTACYYTAGGGATAACAGCG,CCGGTCTGAACTCAGATCAYGT,27,GCTACA,25,25,30,27.5,0,1,0,26.5,6.68,1.336,35.404,NA,NA,30,22.45508982,
21,BGM1A,F-22,F,4.48,20150521,environmental,16S,AGTTACYYTAGGGATAACAGCG,CCGGTCTGAACTCAGATCAYGT,22,GCGTAG,25,25,30,27.5,0,1,0,26.5,33.5,6.7,177.55,NA,NA,30,4.47761194,
23,BGM2A,B-9,B,8.72,20150521,environmental,16S,AGTTACYYTAGGGATAACAGCG,CCGGTCTGAACTCAGATCAYGT,9,TCGCAT,25,25,30,27.5,0,1,0,26.5,17.2,3.44,91.16,NA,NA,30,8.720930233,
26,BGM2A,C-30,C,17.06,20150521,environmental,16S,AGTTACYYTAGGGATAACAGCG,CCGGTCTGAACTCAGATCAYGT,30,ATGTGC,25,25,30,27.5,0,1,0,26.5,8.79,1.758,46.587,NA,NA,30,17.06484642,
24,BGM2A,G-23,G,3.44,20150521,environmental,16S,AGTTACYYTAGGGATAACAGCG,CCGGTCTGAACTCAGATCAYGT,23,TACGTG,25,25,30,27.5,0,1,0,26.5,43.6,8.72,231.08,NA,NA,30,3.440366972,
25,BGM2A,G-25,G,3.55,20150521,environmental,16S,AGTTACYYTAGGGATAACAGCG,CCGGTCTGAACTCAGATCAYGT,25,TCTGCG,25,25,30,27.5,0,1,0,26.5,42.2,8.44,223.66,NA,NA,30,3.55450237,
30,BGM3A,C-28,C,16.3,20150521,environmental,16S,AGTTACYYTAGGGATAACAGCG,CCGGTCTGAACTCAGATCAYGT,28,AGAGAG,25,25,30,27.5,0,1,0,26.5,9.2,1.84,48.76,NA,NA,30,16.30434783,
27,BGM3A,D-1,D,3.86,20150521,environmental,16S,AGTTACYYTAGGGATAACAGCG,CCGGTCTGAACTCAGATCAYGT,1,ACACAC,25,25,30,27.5,0,1,0,26.5,38.9,7.78,206.17,NA,NA,30,3.856041131,
29,BGM3A,E-20,E,16.47,20150521,environmental,16S,AGTTACYYTAGGGATAACAGCG,CCGGTCTGAACTCAGATCAYGT,20,ACTCTG,25,25,30,27.5,0,1,0,26.5,9.11,1.822,48.283,NA,NA,30,16.46542261,
28,BGM3A,F-1,F,13.39,20150521,environmental,16S,AGTTACYYTAGGGATAACAGCG,CCGGTCTGAACTCAGATCAYGT,1,ACACAC,25,25,30,27.5,0,1,0,26.5,11.2,2.24,59.36,NA,NA,30,13.39285714,
31,CCM1A,D-6,D,4.57,20150603,environmental,16S,AGTTACYYTAGGGATAACAGCG,CCGGTCTGAACTCAGATCAYGT,6,ACGACG,25,25,30,27.5,0,1,0,26.5,32.8,6.56,173.84,NA,NA,30,4.573170732,
32,CCM1A,F-9,F,15.48,20150603,environmental,16S,AGTTACYYTAGGGATAACAGCG,CCGGTCTGAACTCAGATCAYGT,9,TCGCAT,25,25,30,27.5,0,1,0,26.5,9.69,1.938,51.357,NA,NA,30,15.47987616,
33,CCM1A,G-17,G,14.15,20150603,environmental,16S,AGTTACYYTAGGGATAACAGCG,CCGGTCTGAACTCAGATCAYGT,17,ACTAGC,25,25,30,27.5,0,1,0,26.5,10.6,2.12,56.18,NA,NA,30,14.1509434,
34,CCM1A,J-22,J,10.87,20150603,environmental,16S,AGTTACYYTAGGGATAACAGCG,CCGGTCTGAACTCAGATCAYGT,22,GCGTAG,25,25,30,27.5,0,1,0,26.5,13.8,2.76,73.14,NA,NA,30,10.86956522,
37,CCM2A,E-22,E,9.62,20150603,environmental,16S,AGTTACYYTAGGGATAACAGCG,CCGGTCTGAACTCAGATCAYGT,22,GCGTAG,25,25,30,27.5,0,1,0,26.5,15.6,3.12,82.68,NA,NA,30,9.615384615,
35,CCM2A,F-2,F,10.27,20150603,environmental,16S,AGTTACYYTAGGGATAACAGCG,CCGGTCTGAACTCAGATCAYGT,2,ACAGCA,25,25,30,27.5,0,1,0,26.5,14.6,2.92,77.38,NA,NA,30,10.2739726,
38,CCM2A,G-26,G,13.64,20150603,environmental,16S,AGTTACYYTAGGGATAACAGCG,CCGGTCTGAACTCAGATCAYGT,26,ATGCAG,25,25,30,27.5,0,1,0,26.5,11,2.2,58.3,NA,NA,30,13.63636364,
36,CCM2A,H-3,H,12.61,20150603,environmental,16S,AGTTACYYTAGGGATAACAGCG,CCGGTCTGAACTCAGATCAYGT,3,GTCTCT,25,25,30,27.5,0,1,0,26.5,11.9,2.38,63.07,NA,NA,30,12.60504202,
41,CCM3A,A-16,A,5.73,20150428,environmental,16S,AGTTACYYTAGGGATAACAGCG,CCGGTCTGAACTCAGATCAYGT,16,GCGAGT,25,25,30,27.5,0,1,0,26.5,26.2,5.24,138.86,NA,NA,30,5.72519084,
40,CCM3A,C-12,C,8.33,20150428,environmental,16S,AGTTACYYTAGGGATAACAGCG,CCGGTCTGAACTCAGATCAYGT,12,GATGAC,25,25,30,27.5,0,1,0,26.5,18,3.6,95.4,NA,NA,30,8.333333333,
42,CCM3A,F-26,F,6.64,20150428,environmental,16S,AGTTACYYTAGGGATAACAGCG,CCGGTCTGAACTCAGATCAYGT,26,ATGCAG,25,25,30,27.5,0,1,0,26.5,22.6,4.52,119.78,NA,NA,30,6.637168142,
39,CCM3A,J-7,J,11.81,20150428,environmental,16S,AGTTACYYTAGGGATAACAGCG,CCGGTCTGAACTCAGATCAYGT,7,ATATCG,25,25,30,27.5,0,1,0,26.5,12.7,2.54,67.31,NA,NA,30,11.81102362,
43,CWM1A,D-4,D,7.21,20150603,environmental,16S,AGTTACYYTAGGGATAACAGCG,CCGGTCTGAACTCAGATCAYGT,4,GCGCTC,25,25,30,27.5,0,1,0,26.5,20.8,4.16,110.24,NA,NA,30,7.211538462,
44,CWM1A,E-5,E,12.2,20150603,environmental,16S,AGTTACYYTAGGGATAACAGCG,CCGGTCTGAACTCAGATCAYGT,5,ACATGT,25,25,30,27.5,0,1,0,26.5,12.3,2.46,65.19,180,1.69,30,12.19512195,
45,CWM1A,E-13,E,9.68,20150603,environmental,16S,AGTTACYYTAGGGATAACAGCG,CCGGTCTGAACTCAGATCAYGT,13,ATCAGT,25,25,30,27.5,0,1,0,26.5,15.5,3.1,82.15,NA,NA,30,9.677419355,
46,CWM1A,E-24,E,16.76,20150603,environmental,16S,AGTTACYYTAGGGATAACAGCG,CCGGTCTGAACTCAGATCAYGT,24,ATGATA,25,25,30,27.5,0,1,0,26.5,8.95,1.79,47.435,NA,NA,30,16.75977654,
51,CWM3A,C-13,C,17.06,20150428,environmental,16S,AGTTACYYTAGGGATAACAGCG,CCGGTCTGAACTCAGATCAYGT,13,ATCAGT,25,25,30,27.5,0,1,0,26.5,8.79,1.758,46.587,NA,NA,30,17.06484642,
52,CWM3A,C-14,C,9.8,20150428,environmental,16S,AGTTACYYTAGGGATAACAGCG,CCGGTCTGAACTCAGATCAYGT,14,TCGTCA,25,25,30,27.5,0,1,0,26.5,15.3,3.06,81.09,NA,NA,30,9.803921569,
53,CWM3A,G-29,G,8.57,20150428,environmental,16S,AGTTACYYTAGGGATAACAGCG,CCGGTCTGAACTCAGATCAYGT,29,TAGATC,25,25,30,27.5,0,1,0,26.5,17.5,3.5,92.75,NA,NA,30,8.571428571,
54,CWM3A,H-29,H,6.07,20150428,environmental,16S,AGTTACYYTAGGGATAACAGCG,CCGGTCTGAACTCAGATCAYGT,29,TAGATC,25,25,30,27.5,0,1,0,26.5,24.7,4.94,130.91,NA,NA,30,6.072874494,
56,DIH2O-20140715,B-15,B,112.78,20150603,negative_control,16S,AGTTACYYTAGGGATAACAGCG,CCGGTCTGAACTCAGATCAYGT,15,CGACGC,25,25,30,27.5,0,1,0,26.5,1.33,0.266,7.049,NA,NA,30,112.7819549,
57,DIH2O-20140715,C-17,C,118.11,20150603,negative_control,16S,AGTTACYYTAGGGATAACAGCG,CCGGTCTGAACTCAGATCAYGT,17,ACTAGC,25,25,30,27.5,0,1,0,26.5,1.27,0.254,6.731,NA,NA,30,118.1102362,
58,DIH2O-20140715,G-27,G,122.95,20150603,negative_control,16S,AGTTACYYTAGGGATAACAGCG,CCGGTCTGAACTCAGATCAYGT,27,GCTACA,25,25,30,27.5,0,1,0,26.5,1.22,0.244,6.466,NA,NA,30,122.9508197,
55,DIH2O-20140715,J-12,J,111.11,20150603,negative_control,16S,AGTTACYYTAGGGATAACAGCG,CCGGTCTGAACTCAGATCAYGT,12,GATGAC,25,25,30,27.5,0,1,0,26.5,1.35,0.27,7.155,NA,NA,30,111.1111111,
62,DIH2O-20140724,B-24,B,176.47,20150603,negative_control,16S,AGTTACYYTAGGGATAACAGCG,CCGGTCTGAACTCAGATCAYGT,24,ATGATA,25,25,30,27.5,0,1,0,26.5,0.85,0.17,4.505,0,0,30,176.4705882,
60,DIH2O-20140724,D-11,D,98.68,20150603,negative_control,16S,AGTTACYYTAGGGATAACAGCG,CCGGTCTGAACTCAGATCAYGT,11,GCAGTG,25,25,30,27.5,0,1,0,26.5,1.52,0.304,8.056,NA,NA,30,98.68421053,
61,DIH2O-20140724,F-23,F,107.91,20150603,negative_control,16S,AGTTACYYTAGGGATAACAGCG,CCGGTCTGAACTCAGATCAYGT,23,TACGTG,25,25,30,27.5,0,1,0,26.5,1.39,0.278,7.367,NA,NA,30,107.9136691,
59,DIH2O-20140724,J-3,J,97.4,20150603,negative_control,16S,AGTTACYYTAGGGATAACAGCG,CCGGTCTGAACTCAGATCAYGT,3,GTCTCT,25,25,30,27.5,0,1,0,26.5,1.54,0.308,8.162,NA,NA,30,97.4025974,
63,DIH2O-20140725,B-3,B,16.39,20150603,negative_control,16S,AGTTACYYTAGGGATAACAGCG,CCGGTCTGAACTCAGATCAYGT,3,GTCTCT,25,25,30,27.5,0,1,0,26.5,9.15,1.83,48.495,175,1.28,30,16.39344262,
65,DIH2O-20140725,D-26,D,11.11,20150603,negative_control,16S,AGTTACYYTAGGGATAACAGCG,CCGGTCTGAACTCAGATCAYGT,26,ATGCAG,25,25,30,27.5,0,1,0,26.5,13.5,2.7,71.55,NA,NA,30,11.11111111,
64,DIH2O-20140725,H-9,H,12.4,20150603,negative_control,16S,AGTTACYYTAGGGATAACAGCG,CCGGTCTGAACTCAGATCAYGT,9,TCGCAT,25,25,30,27.5,0,1,0,26.5,12.1,2.42,64.13,NA,NA,30,12.39669421,
66,DIH2O-20140725,K-29,K,17.36,20150603,negative_control,16S,AGTTACYYTAGGGATAACAGCG,CCGGTCTGAACTCAGATCAYGT,29,TAGATC,25,25,30,27.5,0,1,0,26.5,8.64,1.728,45.792,NA,NA,30,17.36111111,
67,ECC-4M-A,H-12,H,8.72,20150603,environmental,16S,AGTTACYYTAGGGATAACAGCG,CCGGTCTGAACTCAGATCAYGT,12,GATGAC,25,25,30,27.5,0,1,0,26.5,17.2,3.44,91.16,NA,NA,30,8.720930233,
68,ECC-4M-B,D-25,D,9.55,20150603,environmental,16S,AGTTACYYTAGGGATAACAGCG,CCGGTCTGAACTCAGATCAYGT,25,TCTGCG,25,25,30,27.5,0,1,0,26.5,15.7,3.14,83.21,NA,NA,30,9.554140127,
69,ECC-4M-C,J-19,J,16.23,20150603,environmental,16S,AGTTACYYTAGGGATAACAGCG,CCGGTCTGAACTCAGATCAYGT,19,CTGCGT,25,25,30,27.5,0,1,0,26.5,9.24,1.848,48.972,NA,NA,30,16.23376623,
70,ECC-DOCK-A,D-17,D,11.36,20150603,environmental,16S,AGTTACYYTAGGGATAACAGCG,CCGGTCTGAACTCAGATCAYGT,17,ACTAGC,25,25,30,27.5,0,1,0,26.5,13.2,2.64,69.96,NA,NA,30,11.36363636,omitted
71,ECC-DOCK-B,A-22,A,18.89,20150603,environmental,16S,AGTTACYYTAGGGATAACAGCG,CCGGTCTGAACTCAGATCAYGT,22,GCGTAG,25,25,30,27.5,0,1,0,26.5,7.94,1.588,42.082,NA,NA,30,18.89168766,omitted
72,ECC-DOCK-C,G-14,G,15.99,20150603,environmental,16S,AGTTACYYTAGGGATAACAGCG,CCGGTCTGAACTCAGATCAYGT,14,TCGTCA,25,25,30,27.5,0,1,0,26.5,9.38,1.876,49.714,NA,NA,30,15.99147122,omitted
73,ECC-SURF-A,E-16,E,105.63,20150603,environmental,16S,AGTTACYYTAGGGATAACAGCG,CCGGTCTGAACTCAGATCAYGT,16,GCGAGT,25,25,30,27.5,0,1,0,26.5,1.42,0.284,7.526,NA,NA,30,105.6338028,
74,ECC-SURF-B,K-21,K,12.71,20150603,environmental,16S,AGTTACYYTAGGGATAACAGCG,CCGGTCTGAACTCAGATCAYGT,21,ACTGAT,25,25,30,27.5,0,1,0,26.5,11.8,2.36,62.54,NA,NA,30,12.71186441,
75,ECC-SURF-C,D-20,D,15.38,20150603,environmental,16S,AGTTACYYTAGGGATAACAGCG,CCGGTCTGAACTCAGATCAYGT,20,ACTCTG,25,25,30,27.5,0,1,0,26.5,9.75,1.95,51.675,NA,NA,30,15.38461538,
78,KMM1A,D-13,D,18.09,20150521,environmental,16S,AGTTACYYTAGGGATAACAGCG,CCGGTCTGAACTCAGATCAYGT,13,ATCAGT,25,25,30,27.5,0,1,0,26.5,8.29,1.658,43.937,NA,NA,30,18.09408926,
76,KMM1A,D-3,D,15.14,20150521,environmental,16S,AGTTACYYTAGGGATAACAGCG,CCGGTCTGAACTCAGATCAYGT,3,GTCTCT,25,25,30,27.5,0,1,0,26.5,9.91,1.982,52.523,NA,NA,30,15.13622603,
77,KMM1A,F-6,F,11.72,20150521,environmental,16S,AGTTACYYTAGGGATAACAGCG,CCGGTCTGAACTCAGATCAYGT,6,ACGACG,25,25,30,27.5,0,1,0,26.5,12.8,2.56,67.84,NA,NA,30,11.71875,
79,KMM1A,F-25,F,9.15,20150521,environmental,16S,AGTTACYYTAGGGATAACAGCG,CCGGTCTGAACTCAGATCAYGT,25,TCTGCG,25,25,30,27.5,0,1,0,26.5,16.4,3.28,86.92,NA,NA,30,9.146341463,
81,KMM2A,B-21,B,7.85,20150521,environmental,16S,AGTTACYYTAGGGATAACAGCG,CCGGTCTGAACTCAGATCAYGT,21,ACTGAT,25,25,30,27.5,0,1,0,26.5,19.1,3.82,101.23,NA,NA,30,7.853403141,
80,KMM2A,D-8,D,12.5,20150521,environmental,16S,AGTTACYYTAGGGATAACAGCG,CCGGTCTGAACTCAGATCAYGT,8,CTCGCA,25,25,30,27.5,0,1,0,26.5,12,2.4,63.6,NA,NA,30,12.5,
83,KMM2A,F-27,F,11.9,20150521,environmental,16S,AGTTACYYTAGGGATAACAGCG,CCGGTCTGAACTCAGATCAYGT,27,GCTACA,25,25,30,27.5,0,1,0,26.5,12.6,2.52,66.78,NA,NA,30,11.9047619,
82,KMM2A,K-25,K,13.27,20150521,environmental,16S,AGTTACYYTAGGGATAACAGCG,CCGGTCTGAACTCAGATCAYGT,25,TCTGCG,25,25,30,27.5,0,1,0,26.5,11.3,2.26,59.89,NA,NA,30,13.27433628,
85,KMM3A,A-3,A,11.63,20150521,environmental,16S,AGTTACYYTAGGGATAACAGCG,CCGGTCTGAACTCAGATCAYGT,3,GTCTCT,25,25,30,27.5,0,1,0,26.5,12.9,2.58,68.37,NA,NA,30,11.62790698,
84,KMM3A,D-2,D,14.56,20150521,environmental,16S,AGTTACYYTAGGGATAACAGCG,CCGGTCTGAACTCAGATCAYGT,2,ACAGCA,25,25,30,27.5,0,1,0,26.5,10.3,2.06,54.59,NA,NA,30,14.5631068,
87,KMM3A,H-19,H,11.81,20150521,environmental,16S,AGTTACYYTAGGGATAACAGCG,CCGGTCTGAACTCAGATCAYGT,19,CTGCGT,25,25,30,27.5,0,1,0,26.5,12.7,2.54,67.31,NA,NA,30,11.81102362,
86,KMM3A,H-10,H,15.06,20150521,environmental,16S,AGTTACYYTAGGGATAACAGCG,CCGGTCTGAACTCAGATCAYGT,10,TGTATG,25,25,30,27.5,0,1,0,26.5,9.96,1.992,52.788,NA,NA,30,15.06024096,
88,LOM1A,A-11,A,4.64,20150521,environmental,16S,AGTTACYYTAGGGATAACAGCG,CCGGTCTGAACTCAGATCAYGT,11,GCAGTG,25,25,30,27.5,0,1,0,26.5,32.3,6.46,171.19,NA,NA,30,4.643962848,
90,LOM1A,C-15,C,6.22,20150521,environmental,16S,AGTTACYYTAGGGATAACAGCG,CCGGTCTGAACTCAGATCAYGT,15,CGACGC,25,25,30,27.5,0,1,0,26.5,24.1,4.82,127.73,NA,NA,30,6.22406639,
91,LOM1A,C-23,C,6.17,20150521,environmental,16S,AGTTACYYTAGGGATAACAGCG,CCGGTCTGAACTCAGATCAYGT,23,TACGTG,25,25,30,27.5,0,1,0,26.5,24.3,4.86,128.79,NA,NA,30,6.172839506,
89,LOM1A,K-12,K,6.52,20150521,environmental,16S,AGTTACYYTAGGGATAACAGCG,CCGGTCTGAACTCAGATCAYGT,12,GATGAC,25,25,30,27.5,0,1,0,26.5,23,4.6,121.9,NA,NA,30,6.52173913,
95,LOM2A,A-30,A,5.3,20150521,environmental,16S,AGTTACYYTAGGGATAACAGCG,CCGGTCTGAACTCAGATCAYGT,30,ATGTGC,25,25,30,27.5,0,1,0,26.5,28.3,5.66,149.99,NA,NA,30,5.300353357,
94,LOM2A,E-26,E,8.62,20150521,environmental,16S,AGTTACYYTAGGGATAACAGCG,CCGGTCTGAACTCAGATCAYGT,26,ATGCAG,25,25,30,27.5,0,1,0,26.5,17.4,3.48,92.22,NA,NA,30,8.620689655,
93,LOM2A,F-21,F,4.27,20150521,environmental,16S,AGTTACYYTAGGGATAACAGCG,CCGGTCTGAACTCAGATCAYGT,21,ACTGAT,25,25,30,27.5,0,1,0,26.5,35.1,7.02,186.03,179,7.09,30,4.273504274,
92,LOM2A,G-10,G,3.55,20150521,environmental,16S,AGTTACYYTAGGGATAACAGCG,CCGGTCTGAACTCAGATCAYGT,10,TGTATG,25,25,30,27.5,0,1,0,26.5,42.2,8.44,223.66,NA,NA,30,3.55450237,
99,LOM3A,A-26,A,15.72,20150521,environmental,16S,AGTTACYYTAGGGATAACAGCG,CCGGTCTGAACTCAGATCAYGT,26,ATGCAG,25,25,30,27.5,0,1,0,26.5,9.54,1.908,50.562,NA,NA,30,15.72327044,
98,LOM3A,C-24,C,7.28,20150521,environmental,16S,AGTTACYYTAGGGATAACAGCG,CCGGTCTGAACTCAGATCAYGT,24,ATGATA,25,25,30,27.5,0,1,0,26.5,20.6,4.12,109.18,NA,NA,30,7.281553398,
97,LOM3A,D-23,D,3.78,20150521,environmental,16S,AGTTACYYTAGGGATAACAGCG,CCGGTCTGAACTCAGATCAYGT,23,TACGTG,25,25,30,27.5,0,1,0,26.5,39.7,7.94,210.41,NA,NA,30,3.778337531,
96,LOM3A,K-3,K,5.6,20150521,environmental,16S,AGTTACYYTAGGGATAACAGCG,CCGGTCTGAACTCAGATCAYGT,3,GTCTCT,25,25,30,27.5,0,1,0,26.5,26.8,5.36,142.04,NA,NA,30,5.597014925,
102,MAM1A,C-19,C,8.2,20150522,environmental,16S,AGTTACYYTAGGGATAACAGCG,CCGGTCTGAACTCAGATCAYGT,19,CTGCGT,25,25,30,27.5,0,1,0,26.5,18.3,3.66,96.99,NA,NA,30,8.196721311,
100,MAM1A,H-7,H,18.47,20150522,environmental,16S,AGTTACYYTAGGGATAACAGCG,CCGGTCTGAACTCAGATCAYGT,7,ATATCG,25,25,30,27.5,0,1,0,26.5,8.12,1.624,43.036,181,0.88,30,18.4729064,
103,MAM1A,H-25,H,16.76,20150522,environmental,16S,AGTTACYYTAGGGATAACAGCG,CCGGTCTGAACTCAGATCAYGT,25,TCTGCG,25,25,30,27.5,0,1,0,26.5,8.95,1.79,47.435,NA,NA,30,16.75977654,
101,MAM1A,K-16,K,11.54,20150522,environmental,16S,AGTTACYYTAGGGATAACAGCG,CCGGTCTGAACTCAGATCAYGT,16,GCGAGT,25,25,30,27.5,0,1,0,26.5,13,2.6,68.9,NA,NA,30,11.53846154,
107,MAM2A,B-28,B,15.71,20150522,environmental,16S,AGTTACYYTAGGGATAACAGCG,CCGGTCTGAACTCAGATCAYGT,28,AGAGAG,25,25,30,27.5,0,1,0,26.5,9.55,1.91,50.615,NA,NA,30,15.70680628,
106,MAM2A,C-26,C,26.5,20150522,environmental,16S,AGTTACYYTAGGGATAACAGCG,CCGGTCTGAACTCAGATCAYGT,26,ATGCAG,25,25,30,27.5,0,1,0,26.5,8.63,1.726,45.739,NA,NA,30,17.38122827,"accidentally put library into sample, so put entire sample into library"
104,MAM2A,J-5,J,10.79,20150522,environmental,16S,AGTTACYYTAGGGATAACAGCG,CCGGTCTGAACTCAGATCAYGT,5,ACATGT,25,25,30,27.5,0,1,0,26.5,13.9,2.78,73.67,NA,NA,30,10.79136691,
105,MAM2A,J-9,J,12.1,20150522,environmental,16S,AGTTACYYTAGGGATAACAGCG,CCGGTCTGAACTCAGATCAYGT,9,TCGCAT,25,25,30,27.5,0,1,0,26.5,12.4,2.48,65.72,NA,NA,30,12.09677419,
110,MAM3A,E-25,E,19.48,20150522,environmental,16S,AGTTACYYTAGGGATAACAGCG,CCGGTCTGAACTCAGATCAYGT,25,TCTGCG,25,25,30,27.5,0,1,0,26.5,7.7,1.54,40.81,NA,NA,30,19.48051948,
111,MAM3A,G-28,G,14.85,20150522,environmental,16S,AGTTACYYTAGGGATAACAGCG,CCGGTCTGAACTCAGATCAYGT,28,AGAGAG,25,25,30,27.5,0,1,0,26.5,10.1,2.02,53.53,NA,NA,30,14.85148515,
108,MAM3A,H-8,H,12.1,20150522,environmental,16S,AGTTACYYTAGGGATAACAGCG,CCGGTCTGAACTCAGATCAYGT,8,CTCGCA,25,25,30,27.5,0,1,0,26.5,12.4,2.48,65.72,NA,NA,30,12.09677419,
109,MAM3A,K-14,K,22.32,20150522,environmental,16S,AGTTACYYTAGGGATAACAGCG,CCGGTCTGAACTCAGATCAYGT,14,TCGTCA,25,25,30,27.5,0,1,0,26.5,6.72,1.344,35.616,NA,NA,30,22.32142857,
114,PCM1A,A-18,A,4.14,20150522,environmental,16S,AGTTACYYTAGGGATAACAGCG,CCGGTCTGAACTCAGATCAYGT,18,CACGAT,25,25,30,27.5,0,1,0,26.5,36.2,7.24,191.86,NA,NA,30,4.143646409,
112,PCM1A,C-4,C,7.32,20150522,environmental,16S,AGTTACYYTAGGGATAACAGCG,CCGGTCTGAACTCAGATCAYGT,4,GCGCTC,25,25,30,27.5,0,1,0,26.5,20.5,4.1,108.65,NA,NA,30,7.317073171,
113,PCM1A,E-12,E,4.92,20150522,environmental,16S,AGTTACYYTAGGGATAACAGCG,CCGGTCTGAACTCAGATCAYGT,12,GATGAC,25,25,30,27.5,0,1,0,26.5,30.5,6.1,161.65,NA,NA,30,4.918032787,
115,PCM1A,H-26,H,12.4,20150522,environmental,16S,AGTTACYYTAGGGATAACAGCG,CCGGTCTGAACTCAGATCAYGT,26,ATGCAG,25,25,30,27.5,0,1,0,26.5,12.1,2.42,64.13,NA,NA,30,12.39669421,
119,PCM2A,C-27,C,12.4,20150522,environmental,16S,AGTTACYYTAGGGATAACAGCG,CCGGTCTGAACTCAGATCAYGT,27,GCTACA,25,25,30,27.5,0,1,0,26.5,12.1,2.42,64.13,NA,NA,30,12.39669421,
117,PCM2A,D-9,D,12.2,20150522,environmental,16S,AGTTACYYTAGGGATAACAGCG,CCGGTCTGAACTCAGATCAYGT,9,TCGCAT,25,25,30,27.5,0,1,0,26.5,12.3,2.46,65.19,NA,NA,30,12.19512195,
116,PCM2A,E-4,E,2.95,20150522,environmental,16S,AGTTACYYTAGGGATAACAGCG,CCGGTCTGAACTCAGATCAYGT,4,GCGCTC,25,25,30,27.5,0,1,0,26.5,50.9,10.18,269.77,NA,NA,30,2.946954813,
118,PCM2A,G-19,G,9.87,20150522,environmental,16S,AGTTACYYTAGGGATAACAGCG,CCGGTCTGAACTCAGATCAYGT,19,CTGCGT,25,25,30,27.5,0,1,0,26.5,15.2,3.04,80.56,180,2.02,30,9.868421053,
123,PCM3A,D-22,D,6.76,20150522,environmental,16S,AGTTACYYTAGGGATAACAGCG,CCGGTCTGAACTCAGATCAYGT,22,GCGTAG,25,25,30,27.5,0,1,0,26.5,22.2,4.44,117.66,NA,NA,30,6.756756757,
122,PCM3A,G-21,G,12.5,20150522,environmental,16S,AGTTACYYTAGGGATAACAGCG,CCGGTCTGAACTCAGATCAYGT,21,ACTGAT,25,25,30,27.5,0,1,0,26.5,12,2.4,63.6,NA,NA,30,12.5,
121,PCM3A,G-12,G,15.14,20150522,environmental,16S,AGTTACYYTAGGGATAACAGCG,CCGGTCTGAACTCAGATCAYGT,12,GATGAC,25,25,30,27.5,0,1,0,26.5,9.91,1.982,52.523,NA,NA,30,15.13622603,
120,PCM3A,K-10,K,20.66,20150522,environmental,16S,AGTTACYYTAGGGATAACAGCG,CCGGTCTGAACTCAGATCAYGT,10,TGTATG,25,25,30,27.5,0,1,0,26.5,7.26,1.452,38.478,NA,NA,30,20.66115702,
125,PCT-C-0000,B-16,B,1.81,20150430,environmental,16S,AGTTACYYTAGGGATAACAGCG,CCGGTCTGAACTCAGATCAYGT,16,GCGAGT,25,25,30,27.5,0,1,0,26.5,83.1,16.62,440.43,180,10.28,30,1.805054152,
127,PCT-C-0000,H-30,H,1.78,20150430,environmental,16S,AGTTACYYTAGGGATAACAGCG,CCGGTCTGAACTCAGATCAYGT,30,ATGTGC,25,25,30,27.5,0,1,0,26.5,84.3,16.86,446.79,NA,NA,30,1.779359431,
124,PCT-C-0000,J-13,J,4.1,20150430,environmental,16S,AGTTACYYTAGGGATAACAGCG,CCGGTCTGAACTCAGATCAYGT,13,ATCAGT,25,25,30,27.5,0,1,0,26.5,36.6,7.32,193.98,NA,NA,30,4.098360656,
126,PCT-C-0000,J-27,J,4.48,20150430,environmental,16S,AGTTACYYTAGGGATAACAGCG,CCGGTCTGAACTCAGATCAYGT,27,GCTACA,25,25,30,27.5,0,1,0,26.5,33.5,6.7,177.55,NA,NA,30,4.47761194,
128,PCT-C-0075,E-1,E,6.98,20150430,environmental,16S,AGTTACYYTAGGGATAACAGCG,CCGGTCTGAACTCAGATCAYGT,1,ACACAC,25,25,30,27.5,0,1,0,26.5,21.5,4.3,113.95,NA,NA,30,6.976744186,
129,PCT-C-0075,H-1,H,1.54,20150430,environmental,16S,AGTTACYYTAGGGATAACAGCG,CCGGTCTGAACTCAGATCAYGT,1,ACACAC,25,25,30,27.5,0,1,0,26.5,97.2,19.44,515.16,NA,NA,30,1.543209877,
131,PCT-C-0075,J-18,J,10,20150430,environmental,16S,AGTTACYYTAGGGATAACAGCG,CCGGTCTGAACTCAGATCAYGT,18,CACGAT,25,25,30,27.5,0,1,0,26.5,15,3,79.5,NA,NA,30,10,
130,PCT-C-0075,K-11,K,9.09,20150430,environmental,16S,AGTTACYYTAGGGATAACAGCG,CCGGTCTGAACTCAGATCAYGT,11,GCAGTG,25,25,30,27.5,0,1,0,26.5,16.5,3.3,87.45,NA,NA,30,9.090909091,
133,PCT-C-0125,F-16,F,1.6,20150430,environmental,16S,AGTTACYYTAGGGATAACAGCG,CCGGTCTGAACTCAGATCAYGT,16,GCGAGT,25,25,30,27.5,0,1,0,26.5,93.8,18.76,497.14,NA,NA,30,1.599147122,
132,PCT-C-0125,G-13,G,2.16,20150430,environmental,16S,AGTTACYYTAGGGATAACAGCG,CCGGTCTGAACTCAGATCAYGT,13,ATCAGT,25,25,30,27.5,0,1,0,26.5,69.5,13.9,368.35,NA,NA,30,2.158273381,
135,PCT-C-0125,K-24,K,2.33,20150430,environmental,16S,AGTTACYYTAGGGATAACAGCG,CCGGTCTGAACTCAGATCAYGT,24,ATGATA,25,25,30,27.5,0,1,0,26.5,64.3,12.86,340.79,NA,NA,30,2.33281493,
134,PCT-C-0125,K-22,K,3.76,20150430,environmental,16S,AGTTACYYTAGGGATAACAGCG,CCGGTCTGAACTCAGATCAYGT,22,GCGTAG,25,25,30,27.5,0,1,0,26.5,39.9,7.98,211.47,NA,NA,30,3.759398496,
139,PCT-C-0250,A-24,A,2.25,20150430,environmental,16S,AGTTACYYTAGGGATAACAGCG,CCGGTCTGAACTCAGATCAYGT,24,ATGATA,25,25,30,27.5,0,1,0,26.5,66.8,13.36,354.04,NA,NA,30,2.245508982,
136,PCT-C-0250,E-10,E,2.27,20150430,environmental,16S,AGTTACYYTAGGGATAACAGCG,CCGGTCTGAACTCAGATCAYGT,10,TGTATG,25,25,30,27.5,0,1,0,26.5,66.2,13.24,350.86,NA,NA,30,2.265861027,
138,PCT-C-0250,F-18,F,2.48,20150430,environmental,16S,AGTTACYYTAGGGATAACAGCG,CCGGTCTGAACTCAGATCAYGT,18,CACGAT,25,25,30,27.5,0,1,0,26.5,60.4,12.08,320.12,NA,NA,30,2.483443709,
137,PCT-C-0250,H-14,H,2,20150430,environmental,16S,AGTTACYYTAGGGATAACAGCG,CCGGTCTGAACTCAGATCAYGT,14,TCGTCA,25,25,30,27.5,0,1,0,26.5,75.1,15.02,398.03,NA,NA,30,1.997336884,
141,PCT-C-0500,B-4,B,1.42,20150430,environmental,16S,AGTTACYYTAGGGATAACAGCG,CCGGTCTGAACTCAGATCAYGT,4,GCGCTC,25,25,30,27.5,0,1,0,26.5,106,21.2,561.8,NA,NA,30,1.41509434,
140,PCT-C-0500,C-1,C,1.58,20150430,environmental,16S,AGTTACYYTAGGGATAACAGCG,CCGGTCTGAACTCAGATCAYGT,1,ACACAC,25,25,30,27.5,0,1,0,26.5,95.1,19.02,504.03,NA,NA,30,1.577287066,
142,PCT-C-0500,J-6,J,2.75,20150430,environmental,16S,AGTTACYYTAGGGATAACAGCG,CCGGTCTGAACTCAGATCAYGT,6,ACGACG,25,25,30,27.5,0,1,0,26.5,54.6,10.92,289.38,NA,NA,30,2.747252747,
143,PCT-C-0500,J-30,J,1.26,20150430,environmental,16S,AGTTACYYTAGGGATAACAGCG,CCGGTCTGAACTCAGATCAYGT,30,ATGTGC,25,25,30,27.5,0,1,0,26.5,119,23.8,630.7,NA,NA,30,1.260504202,
144,PCT-C-1000,C-11,C,2.7,20150430,environmental,16S,AGTTACYYTAGGGATAACAGCG,CCGGTCTGAACTCAGATCAYGT,11,GCAGTG,25,25,30,27.5,3,1,0,23.5,55.6,11.12,261.32,NA,NA,30,2.697841727,
145,PCT-C-1000,F-11,F,2.69,20150430,environmental,16S,AGTTACYYTAGGGATAACAGCG,CCGGTCTGAACTCAGATCAYGT,11,GCAGTG,25,25,30,27.5,3,1,0,23.5,55.8,11.16,262.26,NA,NA,30,2.688172043,
147,PCT-C-1000,G-24,G,3.16,20150430,environmental,16S,AGTTACYYTAGGGATAACAGCG,CCGGTCTGAACTCAGATCAYGT,24,ATGATA,25,25,30,27.5,3,1,0,23.5,47.4,9.48,222.78,NA,NA,30,3.164556962,
146,PCT-C-1000,J-11,J,6.1,20150430,environmental,16S,AGTTACYYTAGGGATAACAGCG,CCGGTCTGAACTCAGATCAYGT,11,GCAGTG,25,25,30,27.5,3,1,0,23.5,24.6,4.92,115.62,NA,NA,30,6.097560976,
151,PCT-C-2000,B-25,B,2.18,20150430,environmental,16S,AGTTACYYTAGGGATAACAGCG,CCGGTCTGAACTCAGATCAYGT,25,TCTGCG,25,25,30,27.5,3,1,0,23.5,68.7,13.74,322.89,NA,NA,30,2.183406114,
148,PCT-C-2000,C-5,C,2.24,20150430,environmental,16S,AGTTACYYTAGGGATAACAGCG,CCGGTCTGAACTCAGATCAYGT,5,ACATGT,25,25,30,27.5,3,1,0,23.5,66.9,13.38,314.43,NA,NA,30,2.242152466,
150,PCT-C-2000,F-12,F,2.21,20150430,environmental,16S,AGTTACYYTAGGGATAACAGCG,CCGGTCTGAACTCAGATCAYGT,12,GATGAC,25,25,30,27.5,3,1,0,23.5,67.9,13.58,319.13,NA,NA,30,2.209131075,
149,PCT-C-2000,H-5,H,2.99,20150430,environmental,16S,AGTTACYYTAGGGATAACAGCG,CCGGTCTGAACTCAGATCAYGT,5,ACATGT,25,25,30,27.5,3,1,0,23.5,50.1,10.02,235.47,NA,NA,30,2.994011976,
155,PCT-C-4000,C-20,C,4.39,20150430,environmental,16S,AGTTACYYTAGGGATAACAGCG,CCGGTCTGAACTCAGATCAYGT,20,ACTCTG,25,25,30,27.5,3,1,0,23.5,34.2,6.84,160.74,NA,NA,30,4.385964912,
153,PCT-C-4000,F-14,F,2.25,20150430,environmental,16S,AGTTACYYTAGGGATAACAGCG,CCGGTCTGAACTCAGATCAYGT,14,TCGTCA,25,25,30,27.5,3,1,0,23.5,66.8,13.36,313.96,NA,NA,30,2.245508982,
152,PCT-C-4000,G-7,G,2.66,20150430,environmental,16S,AGTTACYYTAGGGATAACAGCG,CCGGTCTGAACTCAGATCAYGT,7,ATATCG,25,25,30,27.5,3,1,0,23.5,56.3,11.26,264.61,NA,NA,30,2.664298401,
154,PCT-C-4000,H-18,H,2.53,20150430,environmental,16S,AGTTACYYTAGGGATAACAGCG,CCGGTCTGAACTCAGATCAYGT,18,CACGAT,25,25,30,27.5,3,1,0,23.5,59.2,11.84,278.24,NA,NA,30,2.533783784,
159,PCT-N-0000,D-29,D,10.42,20150505,environmental,16S,AGTTACYYTAGGGATAACAGCG,CCGGTCTGAACTCAGATCAYGT,29,TAGATC,25,25,30,27.5,0,1,0,26.5,14.4,2.88,76.32,NA,NA,30,10.41666667,
158,PCT-N-0000,F-28,F,5.64,20150505,environmental,16S,AGTTACYYTAGGGATAACAGCG,CCGGTCTGAACTCAGATCAYGT,28,AGAGAG,25,25,30,27.5,0,1,0,26.5,26.6,5.32,140.98,NA,NA,30,5.639097744,
156,PCT-N-0000,H-2,H,11.72,20150505,environmental,16S,AGTTACYYTAGGGATAACAGCG,CCGGTCTGAACTCAGATCAYGT,2,ACAGCA,25,25,30,27.5,0,1,0,26.5,12.8,2.56,67.84,NA,NA,30,11.71875,
157,PCT-N-0000,K-13,K,8.98,20150505,environmental,16S,AGTTACYYTAGGGATAACAGCG,CCGGTCTGAACTCAGATCAYGT,13,ATCAGT,25,25,30,27.5,0,1,0,26.5,16.7,3.34,88.51,NA,NA,30,8.982035928,
163,PCT-N-0075,B-30,B,15.24,20150505,environmental,16S,AGTTACYYTAGGGATAACAGCG,CCGGTCTGAACTCAGATCAYGT,30,ATGTGC,25,25,30,27.5,0,1,0,26.5,9.84,1.968,52.152,NA,NA,30,15.24390244,
160,PCT-N-0075,F-15,F,7.58,20150505,environmental,16S,AGTTACYYTAGGGATAACAGCG,CCGGTCTGAACTCAGATCAYGT,15,CGACGC,25,25,30,27.5,0,1,0,26.5,19.8,3.96,104.94,NA,NA,30,7.575757576,
161,PCT-N-0075,G-15,G,5.95,20150505,environmental,16S,AGTTACYYTAGGGATAACAGCG,CCGGTCTGAACTCAGATCAYGT,15,CGACGC,25,25,30,27.5,0,1,0,26.5,25.2,5.04,133.56,NA,NA,30,5.952380952,
162,PCT-N-0075,K-19,K,12.4,20150505,environmental,16S,AGTTACYYTAGGGATAACAGCG,CCGGTCTGAACTCAGATCAYGT,19,CTGCGT,25,25,30,27.5,0,1,0,26.5,12.1,2.42,64.13,NA,NA,30,12.39669421,
167,PCT-N-0125,A-14,A,12.4,20150505,environmental,16S,AGTTACYYTAGGGATAACAGCG,CCGGTCTGAACTCAGATCAYGT,14,TCGTCA,25,25,30,27.5,0,1,0,26.5,12.1,2.42,64.13,NA,NA,30,12.39669421,
165,PCT-N-0125,D-7,D,9.55,20150505,environmental,16S,AGTTACYYTAGGGATAACAGCG,CCGGTCTGAACTCAGATCAYGT,7,ATATCG,25,25,30,27.5,0,1,0,26.5,15.7,3.14,83.21,NA,NA,30,9.554140127,
166,PCT-N-0125,F-13,F,8.24,20150505,environmental,16S,AGTTACYYTAGGGATAACAGCG,CCGGTCTGAACTCAGATCAYGT,13,ATCAGT,25,25,30,27.5,0,1,0,26.5,18.2,3.64,96.46,NA,NA,30,8.241758242,
164,PCT-N-0125,G-1,G,7.01,20150505,environmental,16S,AGTTACYYTAGGGATAACAGCG,CCGGTCTGAACTCAGATCAYGT,1,ACACAC,25,25,30,27.5,0,1,0,26.5,21.4,4.28,113.42,NA,NA,30,7.009345794,
170,PCT-N-0250,B-12,B,12,20150505,environmental,16S,AGTTACYYTAGGGATAACAGCG,CCGGTCTGAACTCAGATCAYGT,12,GATGAC,25,25,30,27.5,0,1,0,26.5,12.5,2.5,66.25,NA,NA,30,12,
169,PCT-N-0250,B-10,B,10.71,20150505,environmental,16S,AGTTACYYTAGGGATAACAGCG,CCGGTCTGAACTCAGATCAYGT,10,TGTATG,25,25,30,27.5,0,1,0,26.5,14,2.8,74.2,NA,NA,30,10.71428571,
168,PCT-N-0250,G-5,G,12.1,20150505,environmental,16S,AGTTACYYTAGGGATAACAGCG,CCGGTCTGAACTCAGATCAYGT,5,ACATGT,25,25,30,27.5,0,1,0,26.5,12.4,2.48,65.72,NA,NA,30,12.09677419,
171,PCT-N-0250,H-13,H,7.69,20150505,environmental,16S,AGTTACYYTAGGGATAACAGCG,CCGGTCTGAACTCAGATCAYGT,13,ATCAGT,25,25,30,27.5,0,1,0,26.5,19.5,3.9,103.35,NA,NA,30,7.692307692,
174,PCT-N-0500,C-16,C,6,20150505,environmental,16S,AGTTACYYTAGGGATAACAGCG,CCGGTCTGAACTCAGATCAYGT,16,GCGAGT,25,25,30,27.5,0,1,0,26.5,25,5,132.5,NA,NA,30,6,
173,PCT-N-0500,D-12,D,9.32,20150505,environmental,16S,AGTTACYYTAGGGATAACAGCG,CCGGTCTGAACTCAGATCAYGT,12,GATGAC,25,25,30,27.5,0,1,0,26.5,16.1,3.22,85.33,NA,NA,30,9.316770186,
175,PCT-N-0500,J-29,J,14.71,20150505,environmental,16S,AGTTACYYTAGGGATAACAGCG,CCGGTCTGAACTCAGATCAYGT,29,TAGATC,25,25,30,27.5,0,1,0,26.5,10.2,2.04,54.06,NA,NA,30,14.70588235,
172,PCT-N-0500,K-1,K,9.26,20150505,environmental,16S,AGTTACYYTAGGGATAACAGCG,CCGGTCTGAACTCAGATCAYGT,1,ACACAC,25,25,30,27.5,0,1,0,26.5,16.2,3.24,85.86,NA,NA,30,9.259259259,
176,PCT-N-1000,B-6,B,9.62,20150505,environmental,16S,AGTTACYYTAGGGATAACAGCG,CCGGTCTGAACTCAGATCAYGT,6,ACGACG,25,25,30,27.5,0,1,2,24.5,15.6,3.12,76.44,NA,NA,30,9.615384615,
178,PCT-N-1000,B-22,B,3.23,20150505,environmental,16S,AGTTACYYTAGGGATAACAGCG,CCGGTCTGAACTCAGATCAYGT,22,GCGTAG,25,25,30,27.5,0,1,2,24.5,46.4,9.28,227.36,NA,NA,30,3.232758621,
179,PCT-N-1000,F-24,F,8.29,20150505,environmental,16S,AGTTACYYTAGGGATAACAGCG,CCGGTCTGAACTCAGATCAYGT,24,ATGATA,25,25,30,27.5,0,1,2,24.5,18.1,3.62,88.69,NA,NA,30,8.287292818,
177,PCT-N-1000,J-21,J,3.01,20150505,environmental,16S,AGTTACYYTAGGGATAACAGCG,CCGGTCTGAACTCAGATCAYGT,21,ACTGAT,25,25,30,27.5,0,1,2,24.5,49.8,9.96,244.02,NA,NA,30,3.012048193,
180,PCT-N-2000,A-1,A,3.69,20150505,environmental,16S,AGTTACYYTAGGGATAACAGCG,CCGGTCTGAACTCAGATCAYGT,1,ACACAC,25,25,30,27.5,0,1,2,24.5,40.7,8.14,199.43,NA,NA,30,3.685503686,
181,PCT-N-2000,A-2,A,9.62,20150505,environmental,16S,AGTTACYYTAGGGATAACAGCG,CCGGTCTGAACTCAGATCAYGT,2,ACAGCA,25,25,30,27.5,0,1,2,24.5,15.6,3.12,76.44,NA,NA,30,9.615384615,
182,PCT-N-2000,E-2,E,3.73,20150505,environmental,16S,AGTTACYYTAGGGATAACAGCG,CCGGTCTGAACTCAGATCAYGT,2,ACAGCA,25,25,30,27.5,0,1,2,24.5,40.2,8.04,196.98,NA,NA,30,3.731343284,
183,PCT-N-2000,H-16,H,7.11,20150505,environmental,16S,AGTTACYYTAGGGATAACAGCG,CCGGTCTGAACTCAGATCAYGT,16,GCGAGT,25,25,30,27.5,0,1,2,24.5,21.1,4.22,103.39,NA,NA,30,7.109004739,
186,PCT-N-4000,A-20,A,7.25,20150505,environmental,16S,AGTTACYYTAGGGATAACAGCG,CCGGTCTGAACTCAGATCAYGT,20,ACTCTG,25,25,30,27.5,0,1,2,24.5,20.7,4.14,101.43,NA,NA,30,7.246376812,
187,PCT-N-4000,E-23,E,1.99,20150505,environmental,16S,AGTTACYYTAGGGATAACAGCG,CCGGTCTGAACTCAGATCAYGT,23,TACGTG,25,25,30,27.5,0,1,2,24.5,75.5,15.1,369.95,NA,NA,30,1.986754967,
184,PCT-N-4000,F-4,F,6.44,20150505,environmental,16S,AGTTACYYTAGGGATAACAGCG,CCGGTCTGAACTCAGATCAYGT,4,GCGCTC,25,25,30,27.5,0,1,2,24.5,23.3,4.66,114.17,NA,3.04,30,6.43776824,
185,PCT-N-4000,G-8,G,11.28,20150505,environmental,16S,AGTTACYYTAGGGATAACAGCG,CCGGTCTGAACTCAGATCAYGT,8,CTCGCA,25,25,30,27.5,0,1,2,24.5,13.3,2.66,65.17,NA,1.43,30,11.27819549,
191,PCT-S-0000,B-20,B,7.32,20150505,environmental,16S,AGTTACYYTAGGGATAACAGCG,CCGGTCTGAACTCAGATCAYGT,20,ACTCTG,25,25,30,27.5,0,1,0,26.5,20.5,4.1,108.65,NA,NA,30,7.317073171,
189,PCT-S-0000,E-7,E,7.61,20150505,environmental,16S,AGTTACYYTAGGGATAACAGCG,CCGGTCTGAACTCAGATCAYGT,7,ATATCG,25,25,30,26,0,1,0,25,19.7,3.94,98.5,182,2.52,30,7.614213198,
188,PCT-S-0000,F-5,F,2.56,20150505,environmental,16S,AGTTACYYTAGGGATAACAGCG,CCGGTCTGAACTCAGATCAYGT,5,ACATGT,25,25,30,27.5,0,1,0,26.5,58.7,11.74,311.11,NA,NA,30,2.555366269,
190,PCT-S-0000,H-17,H,6.12,20150505,environmental,16S,AGTTACYYTAGGGATAACAGCG,CCGGTCTGAACTCAGATCAYGT,17,ACTAGC,25,25,30,27.5,0,1,0,26.5,24.5,4.9,129.85,NA,NA,30,6.12244898,
193,PCT-S-0075,A-17,A,1.42,20150505,environmental,16S,AGTTACYYTAGGGATAACAGCG,CCGGTCTGAACTCAGATCAYGT,17,ACTAGC,25,25,30,27.5,0,1,0,26.5,106,21.2,561.8,NA,NA,30,1.41509434,
195,PCT-S-0075,A-28,A,7.98,20150505,environmental,16S,AGTTACYYTAGGGATAACAGCG,CCGGTCTGAACTCAGATCAYGT,28,AGAGAG,25,25,30,27.5,0,1,0,26.5,18.8,3.76,99.64,NA,NA,30,7.978723404,
194,PCT-S-0075,F-17,F,6.55,20150505,environmental,16S,AGTTACYYTAGGGATAACAGCG,CCGGTCTGAACTCAGATCAYGT,17,ACTAGC,25,25,30,27.5,0,1,0,26.5,22.9,4.58,121.37,NA,NA,30,6.550218341,
192,PCT-S-0075,J-2,J,8.24,20150505,environmental,16S,AGTTACYYTAGGGATAACAGCG,CCGGTCTGAACTCAGATCAYGT,2,ACAGCA,25,25,30,27.5,0,1,0,26.5,18.2,3.64,96.46,NA,NA,30,8.241758242,
196,PCT-S-0125,B-2,B,3.15,20150505,environmental,16S,AGTTACYYTAGGGATAACAGCG,CCGGTCTGAACTCAGATCAYGT,2,ACAGCA,25,25,30,27.5,0,1,0,26.5,47.6,9.52,252.28,NA,NA,30,3.151260504,
198,PCT-S-0125,G-20,G,11.03,20150505,environmental,16S,AGTTACYYTAGGGATAACAGCG,CCGGTCTGAACTCAGATCAYGT,20,ACTCTG,25,25,30,27.5,0,1,0,26.5,13.6,2.72,72.08,NA,NA,30,11.02941176,
197,PCT-S-0125,J-17,J,1.54,20150505,environmental,16S,AGTTACYYTAGGGATAACAGCG,CCGGTCTGAACTCAGATCAYGT,17,ACTAGC,25,25,30,27.5,0,1,0,26.5,97.3,19.46,515.69,NA,NA,30,1.541623844,
199,PCT-S-0125,J-25,J,12.93,20150505,environmental,16S,AGTTACYYTAGGGATAACAGCG,CCGGTCTGAACTCAGATCAYGT,25,TCTGCG,25,25,30,27.5,0,1,0,26.5,11.6,2.32,61.48,NA,NA,30,12.93103448,
203,PCT-S-0250,E-15,E,8.06,20150505,environmental,16S,AGTTACYYTAGGGATAACAGCG,CCGGTCTGAACTCAGATCAYGT,15,CGACGC,25,25,30,27.5,0,1,0,26.5,18.6,3.72,98.58,NA,NA,30,8.064516129,
200,PCT-S-0250,K-6,K,12,20150505,environmental,16S,AGTTACYYTAGGGATAACAGCG,CCGGTCTGAACTCAGATCAYGT,6,ACGACG,25,25,30,27.5,0,1,0,26.5,12.5,2.5,66.25,NA,NA,30,12,
201,PCT-S-0250,K-8,K,2.14,20150505,environmental,16S,AGTTACYYTAGGGATAACAGCG,CCGGTCTGAACTCAGATCAYGT,8,CTCGCA,25,25,30,27.5,0,1,0,26.5,70,14,371,NA,NA,30,2.142857143,
202,PCT-S-0250,K-9,K,13.04,20150505,environmental,16S,AGTTACYYTAGGGATAACAGCG,CCGGTCTGAACTCAGATCAYGT,9,TCGCAT,25,25,30,27.5,0,1,0,26.5,11.5,2.3,60.95,NA,NA,30,13.04347826,
205,PCT-S-0500,A-15,A,5.95,20150505,environmental,16S,AGTTACYYTAGGGATAACAGCG,CCGGTCTGAACTCAGATCAYGT,15,CGACGC,25,25,30,27.5,0,1,0,26.5,25.2,5.04,133.56,NA,NA,30,5.952380952,
204,PCT-S-0500,B-11,B,1.76,20150505,environmental,16S,AGTTACYYTAGGGATAACAGCG,CCGGTCTGAACTCAGATCAYGT,11,GCAGTG,25,25,30,27.5,0,1,0,26.5,85.3,17.06,452.09,NA,NA,30,1.758499414,
207,PCT-S-0500,E-29,E,12.82,20150505,environmental,16S,AGTTACYYTAGGGATAACAGCG,CCGGTCTGAACTCAGATCAYGT,29,TAGATC,25,25,30,27.5,0,1,0,26.5,11.7,2.34,62.01,NA,NA,30,12.82051282,
206,PCT-S-0500,K-20,K,7.46,20150505,environmental,16S,AGTTACYYTAGGGATAACAGCG,CCGGTCTGAACTCAGATCAYGT,20,ACTCTG,25,25,30,27.5,0,1,0,26.5,20.1,4.02,106.53,NA,NA,30,7.462686567,
210,PCT-S-1000,A-9,A,1.8,20150505,environmental,16S,AGTTACYYTAGGGATAACAGCG,CCGGTCTGAACTCAGATCAYGT,9,TCGCAT,25,25,30,27.5,0,1,0,26.5,83.2,16.64,440.96,NA,NA,30,1.802884615,
211,PCT-S-1000,D-14,D,2.32,20150505,environmental,16S,AGTTACYYTAGGGATAACAGCG,CCGGTCTGAACTCAGATCAYGT,14,TCGTCA,25,25,30,27.5,0,1,0,26.5,64.7,12.94,342.91,NA,NA,30,2.318392581,
209,PCT-S-1000,G-2,G,3.47,20150505,environmental,16S,AGTTACYYTAGGGATAACAGCG,CCGGTCTGAACTCAGATCAYGT,2,ACAGCA,25,25,30,27.5,0,1,0,26.5,43.2,8.64,228.96,NA,NA,30,3.472222222,
208,PCT-S-1000,J-1,J,1.77,20150505,environmental,16S,AGTTACYYTAGGGATAACAGCG,CCGGTCTGAACTCAGATCAYGT,1,ACACAC,25,25,30,27.5,0,1,0,26.5,84.6,16.92,448.38,NA,NA,30,1.773049645,
212,PCT-S-2000,A-4,A,2.16,20150505,environmental,16S,AGTTACYYTAGGGATAACAGCG,CCGGTCTGAACTCAGATCAYGT,4,GCGCTC,25,25,30,27.5,0,1,0,26.5,69.6,13.92,368.88,NA,NA,30,2.155172414,
215,PCT-S-2000,D-27,D,2.95,20150505,environmental,16S,AGTTACYYTAGGGATAACAGCG,CCGGTCTGAACTCAGATCAYGT,27,GCTACA,25,25,30,27.5,0,1,0,26.5,50.8,10.16,269.24,NA,NA,30,2.952755906,
214,PCT-S-2000,G-22,G,4.31,20150505,environmental,16S,AGTTACYYTAGGGATAACAGCG,CCGGTCTGAACTCAGATCAYGT,22,GCGTAG,25,25,30,27.5,0,1,0,26.5,34.8,6.96,184.44,NA,NA,30,4.310344828,
213,PCT-S-2000,K-4,K,8.33,20150505,environmental,16S,AGTTACYYTAGGGATAACAGCG,CCGGTCTGAACTCAGATCAYGT,4,GCGCTC,25,25,30,27.5,0,1,0,26.5,18,3.6,95.4,NA,NA,30,8.333333333,
216,PCT-S-4000,D-5,D,11.72,20150505,environmental,16S,AGTTACYYTAGGGATAACAGCG,CCGGTCTGAACTCAGATCAYGT,5,ACATGT,25,25,30,27.5,0,1,0,26.5,12.8,2.56,67.84,NA,NA,30,11.71875,
217,PCT-S-4000,F-7,F,10.56,20150505,environmental,16S,AGTTACYYTAGGGATAACAGCG,CCGGTCTGAACTCAGATCAYGT,7,ATATCG,25,25,30,27.5,0,1,0,26.5,14.2,2.84,75.26,NA,NA,30,10.56338028,
219,PCT-S-4000,F-30,F,6.05,20150505,environmental,16S,AGTTACYYTAGGGATAACAGCG,CCGGTCTGAACTCAGATCAYGT,30,ATGTGC,25,25,30,27.5,0,1,0,26.5,24.8,4.96,131.44,NA,NA,30,6.048387097,
218,PCT-S-4000,J-26,J,6.76,20150505,environmental,16S,AGTTACYYTAGGGATAACAGCG,CCGGTCTGAACTCAGATCAYGT,26,ATGCAG,25,25,30,27.5,0,1,0,26.5,22.2,4.44,117.66,NA,NA,30,6.756756757,
222,PMM1A,A-13,A,18.47,20150522,environmental,16S,AGTTACYYTAGGGATAACAGCG,CCGGTCTGAACTCAGATCAYGT,13,ATCAGT,25,25,30,27.5,0,1,0,26.5,8.12,1.624,43.036,NA,NA,30,18.4729064,
220,PMM1A,A-10,A,4.42,20150522,environmental,16S,AGTTACYYTAGGGATAACAGCG,CCGGTCTGAACTCAGATCAYGT,10,TGTATG,25,25,30,27.5,0,1,0,26.5,33.9,6.78,179.67,NA,NA,30,4.424778761,
223,PMM1A,D-21,D,16.95,20150522,environmental,16S,AGTTACYYTAGGGATAACAGCG,CCGGTCTGAACTCAGATCAYGT,21,ACTGAT,25,25,30,27.5,0,1,0,26.5,8.85,1.77,46.905,NA,NA,30,16.94915254,
221,PMM1A,D-10,D,21.77,20150522,environmental,16S,AGTTACYYTAGGGATAACAGCG,CCGGTCTGAACTCAGATCAYGT,10,TGTATG,25,25,30,27.5,0,1,0,26.5,6.89,1.378,36.517,NA,NA,30,21.77068215,
226,PMM2A,D-28,D,13.39,20150522,environmental,16S,AGTTACYYTAGGGATAACAGCG,CCGGTCTGAACTCAGATCAYGT,28,AGAGAG,25,25,30,27.5,0,1,0,26.5,11.2,2.24,59.36,NA,NA,30,13.39285714,
225,PMM2A,E-18,E,20.58,20150522,environmental,16S,AGTTACYYTAGGGATAACAGCG,CCGGTCTGAACTCAGATCAYGT,18,CACGAT,25,25,30,27.5,0,1,0,26.5,7.29,1.458,38.637,NA,NA,30,20.57613169,
224,PMM2A,E-8,E,15.08,20150522,environmental,16S,AGTTACYYTAGGGATAACAGCG,CCGGTCTGAACTCAGATCAYGT,8,CTCGCA,25,25,30,27.5,0,1,0,26.5,9.95,1.99,52.735,NA,NA,30,15.07537688,
227,PMM2A,K-30,K,15.86,20150522,environmental,16S,AGTTACYYTAGGGATAACAGCG,CCGGTCTGAACTCAGATCAYGT,30,ATGTGC,25,25,30,27.5,0,1,0,26.5,9.46,1.892,50.138,NA,NA,30,15.85623679,
228,PMM3B,B-8,B,7.89,20150522,environmental,16S,AGTTACYYTAGGGATAACAGCG,CCGGTCTGAACTCAGATCAYGT,8,CTCGCA,25,25,30,27.5,0,1,0,26.5,19,3.8,100.7,NA,NA,30,7.894736842,
230,PMM3B,F-10,F,22.69,20150522,environmental,16S,AGTTACYYTAGGGATAACAGCG,CCGGTCTGAACTCAGATCAYGT,10,TGTATG,25,25,30,27.5,0,1,0,26.5,6.61,1.322,35.033,NA,NA,30,22.69288956,
231,PMM3B,H-21,H,18.68,20150522,environmental,16S,AGTTACYYTAGGGATAACAGCG,CCGGTCTGAACTCAGATCAYGT,21,ACTGAT,25,25,30,27.5,0,1,0,26.5,8.03,1.606,42.559,NA,NA,30,18.67995019,
229,PMM3B,J-8,J,12.82,20150522,environmental,16S,AGTTACYYTAGGGATAACAGCG,CCGGTCTGAACTCAGATCAYGT,8,CTCGCA,25,25,30,27.5,0,1,0,26.5,11.7,2.34,62.01,NA,NA,30,12.82051282,
235,RBM1A,B-26,B,8.11,20150428,environmental,16S,AGTTACYYTAGGGATAACAGCG,CCGGTCTGAACTCAGATCAYGT,26,ATGCAG,25,25,30,27.5,0,1,0,26.5,18.5,3.7,98.05,NA,NA,30,8.108108108,
234,RBM1A,C-22,C,11.03,20150428,environmental,16S,AGTTACYYTAGGGATAACAGCG,CCGGTCTGAACTCAGATCAYGT,22,GCGTAG,25,25,30,27.5,0,1,0,26.5,13.6,2.72,72.08,NA,NA,30,11.02941176,
233,RBM1A,F-20,F,10.07,20150428,environmental,16S,AGTTACYYTAGGGATAACAGCG,CCGGTCTGAACTCAGATCAYGT,20,ACTCTG,25,25,30,27.5,0,1,0,26.5,14.9,2.98,78.97,NA,NA,30,10.06711409,
232,RBM1A,H-4,H,8.82,20150428,environmental,16S,AGTTACYYTAGGGATAACAGCG,CCGGTCTGAACTCAGATCAYGT,4,GCGCTC,25,25,30,27.5,0,1,0,26.5,17,3.4,90.1,NA,NA,30,8.823529412,
236,RBM2A,A-6,A,13.16,20150428,environmental,16S,AGTTACYYTAGGGATAACAGCG,CCGGTCTGAACTCAGATCAYGT,6,ACGACG,25,25,30,27.5,0,1,0,26.5,11.4,2.28,60.42,NA,NA,30,13.15789474,
238,RBM2A,H-20,H,14.02,20150428,environmental,16S,AGTTACYYTAGGGATAACAGCG,CCGGTCTGAACTCAGATCAYGT,20,ACTCTG,25,25,30,27.5,0,1,0,26.5,10.7,2.14,56.71,NA,NA,30,14.01869159,
239,RBM2A,H-27,H,14.85,20150428,environmental,16S,AGTTACYYTAGGGATAACAGCG,CCGGTCTGAACTCAGATCAYGT,27,GCTACA,25,25,30,27.5,0,1,0,26.5,10.1,2.02,53.53,NA,NA,30,14.85148515,
237,RBM2A,J-15,J,8.57,20150428,environmental,16S,AGTTACYYTAGGGATAACAGCG,CCGGTCTGAACTCAGATCAYGT,15,CGACGC,25,25,30,27.5,0,1,0,26.5,17.5,3.5,92.75,NA,NA,30,8.571428571,
240,RBM3A,A-7,A,9.43,20150428,environmental,16S,AGTTACYYTAGGGATAACAGCG,CCGGTCTGAACTCAGATCAYGT,7,ATATCG,25,25,30,27.5,0,1,0,26.5,15.9,3.18,84.27,NA,NA,30,9.433962264,
241,RBM3A,B-17,B,17.06,20150428,environmental,16S,AGTTACYYTAGGGATAACAGCG,CCGGTCTGAACTCAGATCAYGT,17,ACTAGC,25,25,30,27.5,0,1,0,26.5,8.79,1.758,46.587,NA,NA,30,17.06484642,
242,RBM3A,C-18,C,19.38,20150428,environmental,16S,AGTTACYYTAGGGATAACAGCG,CCGGTCTGAACTCAGATCAYGT,18,CACGAT,25,25,30,27.5,0,1,0,26.5,7.74,1.548,41.022,NA,NA,30,19.37984496,
243,RBM3A,K-18,K,12.1,20150428,environmental,16S,AGTTACYYTAGGGATAACAGCG,CCGGTCTGAACTCAGATCAYGT,18,CACGAT,25,25,30,27.5,0,1,0,26.5,12.4,2.48,65.72,NA,NA,30,12.09677419,
247,SIM1A,C-21,C,19.28,20150521,environmental,16S,AGTTACYYTAGGGATAACAGCG,CCGGTCTGAACTCAGATCAYGT,21,ACTGAT,25,25,30,27.5,0,1,0,26.5,7.78,1.556,41.234,NA,NA,30,19.28020566,
244,SIM1A,F-3,F,23.66,20150521,environmental,16S,AGTTACYYTAGGGATAACAGCG,CCGGTCTGAACTCAGATCAYGT,3,GTCTCT,25,25,30,27.5,0,1,0,26.5,6.34,1.268,33.602,NA,NA,30,23.65930599,
246,SIM1A,G-9,G,14.15,20150521,environmental,16S,AGTTACYYTAGGGATAACAGCG,CCGGTCTGAACTCAGATCAYGT,9,TCGCAT,25,25,30,27.5,0,1,0,26.5,10.6,2.12,56.18,NA,NA,30,14.1509434,
245,SIM1A,J-4,J,11.28,20150521,environmental,16S,AGTTACYYTAGGGATAACAGCG,CCGGTCTGAACTCAGATCAYGT,4,GCGCTC,25,25,30,27.5,0,1,0,26.5,13.3,2.66,70.49,178,1.41,30,11.27819549,bioanalyzed after libraries pooled
248,SIM2A,B-5,B,13.27,20150521,environmental,16S,AGTTACYYTAGGGATAACAGCG,CCGGTCTGAACTCAGATCAYGT,5,ACATGT,25,25,30,27.5,0,1,0,26.5,11.3,2.26,59.89,NA,NA,30,13.27433628,
249,SIM2A,C-8,C,16.18,20150521,environmental,16S,AGTTACYYTAGGGATAACAGCG,CCGGTCTGAACTCAGATCAYGT,8,CTCGCA,25,25,30,27.5,0,1,0,26.5,9.27,1.854,49.131,NA,NA,30,16.18122977,
250,SIM2A,C-9,C,14.56,20150521,environmental,16S,AGTTACYYTAGGGATAACAGCG,CCGGTCTGAACTCAGATCAYGT,9,TCGCAT,25,25,30,27.5,0,1,0,26.5,10.3,2.06,54.59,NA,NA,30,14.5631068,
251,SIM2A,J-10,J,12.1,20150521,environmental,16S,AGTTACYYTAGGGATAACAGCG,CCGGTCTGAACTCAGATCAYGT,10,TGTATG,25,25,30,27.5,0,1,0,26.5,12.4,2.48,65.72,NA,NA,30,12.09677419,
252,SIM3A,C-3,C,22.16,20150521,environmental,16S,AGTTACYYTAGGGATAACAGCG,CCGGTCTGAACTCAGATCAYGT,3,GTCTCT,25,25,30,27.5,0,1,0,26.5,6.77,1.354,35.881,NA,NA,30,22.15657312,
253,SIM3A,G-4,G,19.63,20150521,environmental,16S,AGTTACYYTAGGGATAACAGCG,CCGGTCTGAACTCAGATCAYGT,4,GCGCTC,25,25,30,27.5,0,1,0,26.5,7.64,1.528,40.492,NA,NA,30,19.63350785,
254,SIM3A,H-24,H,27.52,20150521,environmental,16S,AGTTACYYTAGGGATAACAGCG,CCGGTCTGAACTCAGATCAYGT,24,ATGATA,25,25,30,27.5,0,1,0,26.5,5.45,1.09,28.885,NA,NA,30,27.52293578,
255,SIM3A,J-28,J,16.13,20150521,environmental,16S,AGTTACYYTAGGGATAACAGCG,CCGGTCTGAACTCAGATCAYGT,28,AGAGAG,25,25,30,27.5,0,1,0,26.5,9.3,1.86,49.29,NA,NA,30,16.12903226,
258,SMM1A,C-25,C,10.2,20150603,environmental,16S,AGTTACYYTAGGGATAACAGCG,CCGGTCTGAACTCAGATCAYGT,25,TCTGCG,25,25,30,27.5,0,1,0,26.5,14.7,2.94,77.91,NA,NA,30,10.20408163,
259,SMM1A,E-30,E,11.81,20150603,environmental,16S,AGTTACYYTAGGGATAACAGCG,CCGGTCTGAACTCAGATCAYGT,30,ATGTGC,25,25,30,27.5,0,1,0,26.5,12.7,2.54,67.31,NA,NA,30,11.81102362,
256,SMM1A,H-23,H,14.42,20150603,environmental,16S,AGTTACYYTAGGGATAACAGCG,CCGGTCTGAACTCAGATCAYGT,23,TACGTG,25,25,30,27.5,0,1,0,26.5,10.4,2.08,55.12,153,1.16,30,14.42307692,
257,SMM1A,J-24,J,11.81,20150603,environmental,16S,AGTTACYYTAGGGATAACAGCG,CCGGTCTGAACTCAGATCAYGT,24,ATGATA,25,25,30,27.5,0,1,0,26.5,12.7,2.54,67.31,NA,NA,30,11.81102362,
262,SMM2A,D-16,D,13.51,20150521,environmental,16S,AGTTACYYTAGGGATAACAGCG,CCGGTCTGAACTCAGATCAYGT,16,GCGAGT,25,25,30,27.5,0,1,0,26.5,11.1,2.22,58.83,NA,NA,30,13.51351351,
260,SMM2A,E-11,E,15.37,20150521,environmental,16S,AGTTACYYTAGGGATAACAGCG,CCGGTCTGAACTCAGATCAYGT,11,GCAGTG,25,25,30,27.5,0,1,0,26.5,9.76,1.952,51.728,153,1.37,30,15.36885246,
261,SMM2A,E-14,E,14.56,20150521,environmental,16S,AGTTACYYTAGGGATAACAGCG,CCGGTCTGAACTCAGATCAYGT,14,TCGTCA,25,25,30,27.5,0,1,0,26.5,10.3,2.06,54.59,NA,NA,30,14.5631068,
263,SMM2A,J-20,J,15.96,20150521,environmental,16S,AGTTACYYTAGGGATAACAGCG,CCGGTCTGAACTCAGATCAYGT,20,ACTCTG,25,25,30,27.5,0,1,0,26.5,9.4,1.88,49.82,NA,NA,30,15.95744681,
267,SMM3A,B-19,B,8.67,20150521,environmental,16S,AGTTACYYTAGGGATAACAGCG,CCGGTCTGAACTCAGATCAYGT,19,CTGCGT,25,25,30,27.5,0,1,0,26.5,17.3,3.46,91.69,NA,NA,30,8.670520231,
265,SMM3A,B-14,B,12.4,20150521,environmental,16S,AGTTACYYTAGGGATAACAGCG,CCGGTCTGAACTCAGATCAYGT,14,TCGTCA,25,25,30,27.5,0,1,0,26.5,12.1,2.42,64.13,NA,NA,30,12.39669421,"tube marked T4; could have goofed at PCR, cleanup, or labeling"
264,SMM3A,K-2,K,14.56,20150521,environmental,16S,AGTTACYYTAGGGATAACAGCG,CCGGTCTGAACTCAGATCAYGT,2,ACAGCA,25,25,30,27.5,0,1,0,26.5,10.3,2.06,54.59,NA,NA,30,14.5631068,
266,SMM3A,K-17,K,8.24,20150521,environmental,16S,AGTTACYYTAGGGATAACAGCG,CCGGTCTGAACTCAGATCAYGT,17,ACTAGC,25,25,30,27.5,0,1,0,26.5,18.2,3.64,96.46,NA,NA,30,8.241758242,
270,TILAPIA-1,B-27,B,9.32,20150603,positive_control,16S,AGTTACYYTAGGGATAACAGCG,CCGGTCTGAACTCAGATCAYGT,27,GCTACA,25,25,30,27.5,0,1,0,26.5,16.1,3.22,85.33,NA,NA,30,9.316770186,
269,TILAPIA-1,C-10,C,12.61,20150603,positive_control,16S,AGTTACYYTAGGGATAACAGCG,CCGGTCTGAACTCAGATCAYGT,10,TGTATG,25,25,30,27.5,0,1,0,26.5,11.9,2.38,63.07,NA,NA,30,12.60504202,
271,TILAPIA-1,D-30,D,10,20150603,positive_control,16S,AGTTACYYTAGGGATAACAGCG,CCGGTCTGAACTCAGATCAYGT,30,ATGTGC,25,25,30,27.5,0,1,0,26.5,15,3,79.5,NA,NA,30,10,
268,TILAPIA-1,E-9,E,9.09,20150603,positive_control,16S,AGTTACYYTAGGGATAACAGCG,CCGGTCTGAACTCAGATCAYGT,9,TCGCAT,25,25,30,27.5,0,1,0,26.5,16.5,3.3,87.45,182,3.63,30,9.090909091,
274,TILAPIA-2,C-29,C,10.49,20150603,positive_control,16S,AGTTACYYTAGGGATAACAGCG,CCGGTCTGAACTCAGATCAYGT,29,TAGATC,25,25,30,27.5,0,1,0,26.5,14.3,2.86,75.79,NA,NA,30,10.48951049,
275,TILAPIA-2,G-30,G,7.01,20150603,positive_control,16S,AGTTACYYTAGGGATAACAGCG,CCGGTCTGAACTCAGATCAYGT,30,ATGTGC,25,25,30,27.5,0,1,0,26.5,21.4,4.28,113.42,NA,NA,30,7.009345794,
272,TILAPIA-2,G-18,G,10.49,20150603,positive_control,16S,AGTTACYYTAGGGATAACAGCG,CCGGTCTGAACTCAGATCAYGT,18,CACGAT,25,25,30,27.5,0,1,0,26.5,14.3,2.86,75.79,NA,NA,30,10.48951049,
273,TILAPIA-2,K-27,K,7.85,20150603,positive_control,16S,AGTTACYYTAGGGATAACAGCG,CCGGTCTGAACTCAGATCAYGT,27,GCTACA,25,25,30,27.5,0,1,0,26.5,19.1,3.82,101.23,NA,NA,30,7.853403141,
278,TILAPIA-3,E-21,E,9.2,20150603,positive_control,16S,AGTTACYYTAGGGATAACAGCG,CCGGTCTGAACTCAGATCAYGT,21,ACTGAT,25,25,30,27.5,0,1,0,26.5,16.3,3.26,86.39,NA,NA,30,9.202453988,
279,TILAPIA-3,E-28,E,7.89,20150603,positive_control,16S,AGTTACYYTAGGGATAACAGCG,CCGGTCTGAACTCAGATCAYGT,28,AGAGAG,25,25,30,27.5,0,1,0,26.5,19,3.8,100.7,NA,NA,30,7.894736842,
276,TILAPIA-3,G-3,G,16.5,20150603,positive_control,16S,AGTTACYYTAGGGATAACAGCG,CCGGTCTGAACTCAGATCAYGT,3,GTCTCT,25,25,30,27.5,0,1,0,26.5,9.09,1.818,48.177,NA,NA,30,16.50165017,
277,TILAPIA-3,J-16,J,7.04,20150603,positive_control,16S,AGTTACYYTAGGGATAACAGCG,CCGGTCTGAACTCAGATCAYGT,16,GCGAGT,25,25,30,27.5,0,1,0,26.5,21.3,4.26,112.89,NA,NA,30,7.042253521,
281,TILAPIA-4,A-12,A,7.73,20150603,positive_control,16S,AGTTACYYTAGGGATAACAGCG,CCGGTCTGAACTCAGATCAYGT,12,GATGAC,25,25,30,27.5,0,1,0,26.5,19.4,3.88,102.82,NA,NA,30,7.731958763,
282,TILAPIA-4,B-13,B,14.29,20150603,positive_control,16S,AGTTACYYTAGGGATAACAGCG,CCGGTCTGAACTCAGATCAYGT,13,ATCAGT,25,25,30,27.5,0,1,0,26.5,10.5,2.1,55.65,NA,NA,30,14.28571429,
283,TILAPIA-4,H-28,H,11.11,20150603,positive_control,16S,AGTTACYYTAGGGATAACAGCG,CCGGTCTGAACTCAGATCAYGT,28,AGAGAG,25,25,30,27.5,0,1,0,26.5,13.5,2.7,71.55,NA,NA,30,11.11111111,
280,TILAPIA-4,K-7,K,10.27,20150603,positive_control,16S,AGTTACYYTAGGGATAACAGCG,CCGGTCTGAACTCAGATCAYGT,7,ATATCG,25,25,30,27.5,0,1,0,26.5,14.6,2.92,77.38,NA,NA,30,10.2739726,